Swimmer,Club,Events
"Helwig, Alex",PURD,"mens1000free,mens100free,mens200free,mens500free"
"Hall, Jack",FSUC,"mens1000free,mens100free,mens200free,mens500free"
"Altera, Ryan",GTSC,"mens1000free,mens200free,mens400IM,mens500free"
"Teutsch, Steffen",CMU,"mens1000free,mens400IM,mens500free,mens50Free"
"Tucci, Tyson",PURD,"mens1000free,mens200free,mens400IM,mens500free"
"Rice, Carter",LU,"mens1000free,mens200fly,mens400IM,mens500free"
"Lee, Christopher",OSU,"mens1000free,mens200im,mens500free"
"Olson, Joshua",CPSC,"mens1000free,mens200fly,mens200free,mens500free"
"Wen, Samuel",LSCUT,"mens1000free,mens500free"
"Hill, Thomas",LU,"mens1000free,mens200free,mens400IM,mens500free"
"Jipping, Andrew",BGCS,"mens1000free,mens200im,mens500free"
"Lanning, Mason",PURD,"mens1000free,mens400IM,mens500free"
"Randolph, Graham",CSOSU,"mens1000free,mens200free,mens200im,mens500free"
"Kukreja, Yatin",PURD,"mens1000free,mens200fly,mens200free,mens500free"
"Sheeran, Liam",MOFO,"mens1000free,mens200free,mens400IM,mens500free"
"Stocek, Kyle",GCUC,"mens1000free,mens100free,mens200free,mens500free"
"Mackay, Nolan",GTSC,"mens1000free,mens200fly,mens200free,mens500free"
"Szyper, Scott",UCSD,"mens1000free,mens100free,mens200free,mens500free"
"Stanford, Cole",CPSC,"mens1000free,mens200free,mens400IM,mens500free"
"Devost, John",UVA,"mens1000free,mens200fly,mens400IM,mens500free"
"Srnic, Milan",PURD,"mens1000free,mens200free,mens400IM,mens500free"
"Hew, Jeffrey",PURD,"mens1000free,mens400IM,mens500free"
"Schiffman, Parker",UVA,"mens1000free,mens200im,mens400IM,mens500free"
"Moore, Nicholas",FLOR,"mens1000free,mens200back,mens200free,mens500free"
"Kinter, Nathan",FSUC,"mens1000free,mens200free,mens400IM,mens500free"
"Jurcazak, Harrison",CPSC,"mens1000free,mens100free,mens200free,mens500free"
"Rohovit, Hunter",GTSC,"mens1000free,mens200back,mens200im,mens400IM"
"Black, Jonah",LU,"mens1000free,mens100fly,mens200fly,mens500free"
"Bizeau, Benjamin",LU,"mens1000free,mens200free,mens400IM,mens500free"
"Jeffery, Andrew",TAMCS,"mens1000free,mens200im,mens400IM,mens500free"
"Lago, Carlos",UCSD,"mens1000free,mens200free,mens500free"
"Sandoval, Alex",LU,"mens1000free,mens200free,mens500free"
"Martin, Colton",FSUC,"mens1000free,mens200free,mens500free,mens50back"
"Tang, Rocky",CLT,"mens1000free,mens200breast,mens200fly,mens500free"
"Peng, Noah",OSU,"mens1000free,mens200free,mens500free"
"Davidson, Matthew",LU,"mens100back,mens100free,mens50back,mens50Free"
"Riordan, James",FSUC,"mens100back,mens100fly,mens200back,mens50back"
"Settembrine, Nicholas",UVA,"mens100back,mens200back,mens50back"
"Webster, Luke",CMU,"mens100back,mens100fly,mens200back,mens200im"
"Rees, Jonah",LU,"mens100back,mens200back,mens200im,mens400IM"
"Traynor, Michael",FLOR,"mens100back,mens100fly,mens100i,mens200im"
"Baldwin, Daniel",NCSU,"mens100back,mens100i,mens50back,mens50breast"
"Hogan, Alex",ASU,"mens100back,mens200back,mens50back,mens50Free"
"Sun, Ashton",PURD,"mens100back,mens100i,mens200back,mens50back"
"Strotheide, Ryan",PSU,"mens100back,mens100free,mens200back,mens50back"
"Codevilla, Stephen",SCUW,"mens100back,mens100free,mens200im,mens50back"
"Pittala, Sritan",DUKE,"mens100back,mens100i,mens200im,mens50back"
"Pak, Joshua",CAL,"mens100back,mens100fly,mens200back,mens50fly"
"Miller, Paul",ASU,"mens100back,mens100free,mens50back,mens50Free"
"Zhao, Edward",ISC,"mens100back,mens100free,mens50back,mens50Free"
"Hann, Benjamin",UPENN,"mens100back,mens100free,mens50back"
"Giuliano, Jadon",UTES,"mens100back,mens100i,mens400IM,mens50back"
"Bushong, Evan",BGCS,"mens100back,mens100free,mens50back,mens50fly"
"Szabo, Marcus",FSUC,"mens100back,mens100fly,mens200fly,mens50fly"
"Marquez, Alexandro",FSUC,"mens100back,mens100i,mens200im,mens50back"
"Gorman, Dax",TAMPA,"mens100back,mens100i,mens50Free"
"Janicki, Matthew",UVA,"mens100back,mens100fly,mens200fly,mens50back"
"Naji, Moody",SLUSC,"mens100back,mens100fly,mens50fly"
"Schuijt, Chaz",LU,"mens100back,mens200back,mens50back,mens50fly"
"Smith, Benjamin",GTSC,"mens100back,mens200back,mens200im,mens50back"
"Gross, Will",MOFO,"mens100back,mens200back,mens200im,mens50back"
"Guenther, Chase",CSOSU,"mens100back,mens100fly,mens100free,mens50fly"
"Stuck, Evan",NCSU,"mens100back,mens200back,mens50back,mens50fly"
"Ben Yoseph, Itay",UCSD,"mens100back,mens100fly,mens200fly,mens500free"
"Hennessy, Seamus",UCONN,"mens100back,mens100i,mens50back,mens50Free"
"Reiff, Theo",ISUSC,"mens100back,mens200im,mens50back,mens50breast"
"Michaels, Brady",SCUW,"mens100back,mens50back"
"Yousefi, Alex",UCLAS,"mens100back,mens100fly,mens50back"
"Tyner, Ryan",CMU,"mens100back,mens100fly,mens200back,mens50fly"
"Christensen, Brandon",UCFFL,"mens100back,mens100fly,mens200back,mens200im"
"Datz, David",UCONN,"mens100back,mens50back,mens50breast,mens50fly"
"Larsen, Fredrik",GCUC,"mens100back,mens200back,mens200free,mens50back"
"Mendoza, Ramses",UVA,"mens100back,mens50back,mens50fly"
"Gervase, Shaun",GMUSC,"mens100back,mens100i,mens200im,mens50back"
"Li, Ray",PURD,"mens100back,mens200back,mens50back,mens50fly"
"Gorji, Aveed",SCU,"mens100back,mens100fly,mens50back,mens50fly"
"Bowman, Matthew",W&M,"mens100back,mens100fly,mens100i,mens200im"
"Girle, Matthew",ASU,"mens100back,mens200back,mens50back,mens50Free"
"Tedesco, Braiden",NDSC,"mens100back,mens200back,mens200im,mens50back"
"Dillon, Chase",UALA,"mens100back,mens100fly,mens100free,mens50Free"
"Sautter, Joshua",UMCS,"mens100back,mens50back,mens50breast,mens50fly"
"Lan, Yuanrui",VTECH,"mens100back,mens100i,mens200back,mens50back"
"Tiller, Grant",JMU,"mens100back,mens100free,mens50back,mens50Free"
"Choe, Hayoung",NUIL,"mens100back,mens50back"
"Flater, John",UMICH,"mens100back,mens50back,mens50fly,mens50Free"
"Frauenzimmer, Flip",UCSD,"mens100back,mens100i,mens50back,mens50Free"
"Kilponen, William",VUSC,"mens100back,mens100fly,mens50fly"
"Palmer, Henry",STANF,"mens100back,mens100i,mens50fly"
"Picco, Adam",TAMCS,"mens100back,mens400IM,mens500free,mens50back"
"Dutto, Garren",OSU,"mens100back,mens100free,mens200back,mens50back"
"Pisor, Ian",UCI,"mens100back,mens50back,mens50fly"
"Harding, Mason",GVSU,"mens100back,mens50back,mens50fly,mens50Free"
"Lau, Eric",UCI,"mens100back,mens200fly,mens50back,mens50fly"
"Roth, Charles",AUCS,mens100back
"Coffey, Jared.",UNL,"mens100back,mens50back"
"Braatz, Bennett",SCUW,"mens100back,mens50back,mens50breast,mens50fly"
"Blackstone, James",LU,"mens100back,mens100fly,mens100free,mens100i"
"Johnson, Ian",UTES,"mens100back,mens200back,mens50back"
"Wright, Tyler",CU,"mens100back,mens50back,mens50fly"
"Mizui, Shar",UMD,"mens100back,mens100i,mens50back"
"Wang, Yijie",SCAR,"mens100back,mens100i,mens50back,mens50breast"
"Naim, Joshua",CPSC,"mens100back,mens100free,mens50back,mens50Free"
"Trotter, Gavin",PURD,"mens100back,mens200back,mens200im,mens50back"
"Holmberg, Evan",UMICH,"mens100back,mens200im,mens50back"
"Hulse, Brandon",NDSC,"mens100back,mens50back"
"Vatchev, Victor",PURD,"mens100back,mens100fly,mens50back,mens50fly"
"Leary, Connor",UWSC,"mens100back,mens200free"
"Masten, Noah",CPSC,"mens100back,mens100fly,mens50back"
"Mei, Garlan",NCSU,"mens100back,mens50back,mens50fly"
"Homan, Jaden",UVA,"mens100back,mens200back,mens200im,mens400IM"
"Radulescu, Alexander",UCSD,"mens100back,mens100free,mens200free"
"Bandak, Ziad",UMD,"mens100back,mens50back"
"Lupea, David",STANF,"mens100back,mens50back"
"Le, Alex",SCGSU,"mens100back,mens50back,mens50fly"
"Dyer, Nathanael",LU,"mens100back,mens100free,mens50back,mens50Free"
"Horton, Thomas",LU,"mens100back,mens100fly,mens100free,mens50Free"
"Grabinski, Thomas",LU,"mens100back,mens200back,mens50back,mens50Free"
"Wehmeir, Caleb",AZCS,"mens100back,mens200back,mens200free"
"Hoang, Tyler",GCUC,"mens100back,mens100fly,mens100i,mens200im"
"Kitov, Vsevolod",UMCS,mens100back
"Wang, Avery",WUSTL,"mens100back,mens200back,mens50back"
"Crothers, Griffin",PSU,"mens100back,mens50back"
"Kodial, Aryan",PURD,"mens100back,mens200back,mens200im,mens500free"
"Duong, Jeremy",MIZZ,"mens100back,mens200back,mens50back"
"Ly, Calvin",SCUCD,"mens100back,mens100fly,mens50back,mens50fly"
"Becker, Owen",BGCS,"mens100back,mens50back"
"Gehley, Jacob",OSU,"mens100back,mens50back"
"Redline, Brody",UCLAS,"mens100back,mens100fly,mens200back"
"Umbay, Sebastian",UCSD,"mens100back,mens50back,mens50fly,mens50Free"
"Huang, Bill",UVA,"mens100back,mens200back,mens50back"
"Hovyadinov, Nikita",PURD,"mens100back,mens200im,mens50back,mens50breast"
"Bennett, Ian",WVAU,"mens100back,mens100free,mens50back,mens50Free"
"Blum, Ryan",CSOSU,"mens100back,mens100fly,mens50back"
"Dresbach, Eli",CSOSU,"mens100back,mens200im,mens50back"
"Crabb, Nick",FGCU,"mens100back,mens100fly,mens50back,mens50fly"
"Marr, Tate",CU,"mens100back,mens200im,mens400IM"
"Smith, Carson",CPSC,"mens100back,mens50back"
"Sievenpiper, Maxwell",UNL,"mens100back,mens50back"
"Walter, Cam",LSCUT,"mens100back,mens100fly,mens100i"
"Healy, Chase",CLEM,"mens100back,mens100i,mens50back,mens50Free"
"Phan, Ashton",CPSC,"mens100back,mens50back,mens50Free"
"Spurrier, Nathan",JMU,mens100back
"Murray, Ethan",UPENN,"mens100back,mens200im,mens50back"
"Tran, Vincent",NEAST,"mens100back,mens200back,mens50back"
"Updegrove, Liam",SCUW,"mens100back,mens50back"
"Ford, William",VUSC,"mens100back,mens100fly,mens100i,mens50fly"
"Faulkner, Jack",UMICH,"mens100back,mens200back,mens50back"
"Sviridov, Maksim",UMICH,"mens100back,mens200back"
"Twigg, Nicholas",UMICH,"mens100back,mens100fly,mens50fly"
"Pugh, Boyd",UMCS,"mens100back,mens100fly,mens50fly"
"Leite, Marcelo",UCONN,"mens100back,mens200back,mens200free,mens50Free"
"Hancu, Andrei",GTSC,"mens100back,mens200back,mens50back"
"Mitchell, Benjamin",USFB,"mens100back,mens100breast,mens200breast,mens200im"
"Kolb, Brayden",NDSC,"mens100back,mens50back,mens50Free"
"McLeod, Ian",CU,"mens100back,mens100free,mens200im,mens50back"
"Bataillon, Daniel",GTSC,mens100back
"Brzozowski, Frank",VCS,"mens100back,mens50back"
"Kruger, Ethan",UGAS,"mens100back,mens50back"
"Bocci, Sergio",CU,"mens100back,mens100fly,mens200fly,mens50back"
"Spence, Ian",GMUSC,"mens100back,mens100fly,mens50back"
"Fitzsimmons, John",UMD,"mens100back,mens100free,mens200free,mens50back"
"Liu, Derek",CSOSU,"mens100back,mens200back,mens200im,mens50back"
"Wilhoit, Cooper",LSCUT,"mens100back,mens50back"
"Chiu, Joseph",CPSC,"mens100back,mens50back"
"Watson, Jack",CWRU,"mens100back,mens50back"
"Englert-Fernandez, Lukas",UMD,"mens100back,mens100free,mens200back,mens200free"
"Kish, Riley",PITT,"mens100back,mens50back"
"Harris, John",APPST,"mens100back,mens100fly,mens50back,mens50fly"
"Nasta, Michael",UMCS,"mens100back,mens50back"
"Hackiewicz, Kevin",UALA,mens100back
"Mastropaolo, Nicholas",JMU,"mens100back,mens50back"
"Soobert, Ellison",UMICH,"mens100back,mens50back,mens50Free"
"Eskola, Petey",UOFO,"mens100back,mens200back,mens200im,mens50back"
"Cobb, Dylan",SCAR,"mens100back,mens50back,mens50fly"
"Glass, Riley",CU,"mens100back,mens200back,mens50fly"
"Kelly, Aiden",NAUCS,"mens100back,mens200free,mens200im"
"Johnson, Lucas",GTSC,"mens100back,mens200back"
"Lee, Ryan",NUIL,mens100back
"Coffino, Raphael",SCAR,"mens100back,mens200back"
"Serle, Jeffrey",LU,"mens100back,mens200back"
"Cheng, Jeremy",UCSD,"mens100back,mens100fly,mens50back,mens50fly"
"Claborn, Nathan",CLEM,"mens100back,mens50back"
"Granholm, Quinn",JMU,"mens100back,mens50back"
"Lindsey, Sam",UVA,"mens100back,mens50back"
"Tugsbayar, Ninjin",MARQ,mens100back
"Esteves, Will",UMCS,"mens100back,mens50back"
"Kellman, Adam",SCAR,"mens100back,mens50back"
"Kajarekar, Saahil",PURD,"mens100back,mens100fly,mens200fly"
"Sung, Austin",CWRU,"mens100back,mens50back"
"Anderson, Ethan",ASU,"mens100back,mens50back,mens50Free"
"Jamieson, Joaquin",CAL,"mens100breast,mens100i,mens200breast,mens50breast"
"Delaney, Dillon",LU,"mens100breast,mens100i,mens200im,mens50breast"
"Mefford, Ben",CAL,"mens100breast,mens200breast,mens50breast"
"Caballero, Malachi",LU,"mens100breast,mens100i,mens200breast,mens200im"
"Jacobson, Jake",GCUC,"mens100breast,mens200breast,mens50breast,mens50fly"
"Maas, Kyle",VUSC,"mens100breast,mens200im"
"Pokatragool, Pete",FLOR,"mens100breast,mens200breast,mens50breast,mens50Free"
"Anziano, Dominic",UCONN,"mens100breast,mens100i,mens200breast,mens50breast"
"Hsieh, Eugene",CAL,"mens100breast,mens100i,mens200breast,mens50breast"
"Shortridge, Caden",UVA,"mens100breast,mens50breast"
"Fawley, Dylan",NCSU,"mens100breast,mens100fly,mens200breast,mens50breast"
"Liao, Eric",VCU,"mens100breast,mens100i,mens200breast,mens50breast"
"Campbell, Tyler",UCSD,"mens100breast,mens100i,mens200breast,mens50breast"
"Cao, Daniel",CAL,"mens100breast,mens200breast,mens50breast"
"Witty, Andrew",PURD,"mens100breast,mens100i,mens50back,mens50breast"
"Stubbs, Kierro",LU,"mens100breast,mens200breast,mens50breast,mens50Free"
"Chan, Connor",UTK,"mens100breast,mens50breast,mens50Free"
"Lopez, Andrew",CPSC,"mens100breast,mens100free,mens100i,mens200im"
"Flesner, Nathan",CPSC,"mens100breast,mens100fly,mens200fly,mens50fly"
"Trujillo, Sebastian",UCFFL,"mens100breast,mens200breast,mens200im,mens50breast"
"Cheifetz, Adam",ELON,"mens100breast,mens100free,mens50breast,mens50fly"
"Kochmann, Lance",UNFCS,"mens100breast,mens200breast,mens200im,mens50breast"
"Pedraza, Adan",ISC,"mens100breast,mens100i,mens50breast,mens50fly"
"Bray, Zane",TTUSC,"mens100breast,mens200breast,mens200im"
"Champion, Caleb",PURD,"mens100breast,mens100i,mens200breast,mens200im"
"Suchyj, Tyler",LU,"mens100breast,mens200breast,mens200im,mens400IM"
"Yang, Edison",UTES,"mens100breast,mens200im,mens50breast"
"Schedler, Brock",CORN,"mens100breast,mens100free,mens50breast,mens50Free"
"Fedke, Ethan",UGAS,"mens100breast,mens50breast"
"Cross, Charlie",UVA,"mens100breast,mens100i,mens200breast,mens50breast"
"Kurkal, Tarun",UTD,"mens100breast,mens50breast"
"Liu, Alec",DUKE,"mens100breast,mens50breast"
"Rosal, Gareth",FSUC,"mens100breast,mens200breast,mens200im,mens50breast"
"Leong, Ivan",UTD,"mens100breast,mens50breast"
"Oquendo, Dylan",UCSD,"mens100breast,mens100i,mens200breast,mens50breast"
"Weis, Matthew",STANF,"mens100breast,mens200breast,mens50back"
"Behrens, Blake",ISUSC,"mens100breast,mens100fly,mens100i,mens50fly"
"Foucu, Matthieu",PURD,"mens100breast,mens100free,mens50breast,mens50Free"
"Poag, Jack",DUCS,"mens100breast,mens200breast,mens50breast"
"Yu, Xavier",NEAST,"mens100breast,mens200breast"
"Cornwell-Arquitt, Luke",OSU,"mens100breast,mens200breast,mens200im,mens400IM"
"Deerwester, Mason",CSOSU,"mens100breast,mens200breast,mens50breast"
"Van Cott, Josh",CSOSU,"mens100breast,mens100free,mens50Free"
"Vogt, Jacob",AUB,"mens100breast,mens200breast,mens50breast"
"Chau, Calvin",SBU,"mens100breast,mens100fly,mens100i"
"De Guzman, Melvin",ASU,"mens100breast,mens200breast,mens50breast"
"Realina, Raphael",MIZZ,"mens100breast,mens100i,mens200breast,mens50back"
"Gardner, Brandon",GVSU,"mens100breast,mens100i,mens200breast,mens50breast"
"Nachod, Ben",UPENN,"mens100breast,mens100i,mens50breast"
"Thornewell, Danny",PURD,"mens100breast,mens100i,mens200breast,mens200im"
"Block, Copeland",BROWN,"mens100breast,mens100free,mens200free"
"Lee, Sam",UCLAS,"mens100breast,mens200breast,mens200im"
"Mirsaderov, Nik",FSUC,"mens100breast,mens100fly,mens50fly"
"Beck, Anderson",UNCCH,mens100breast
"Fazio, Dane",BGCS,"mens100breast,mens100i,mens50breast,mens50Free"
"Cook, Jacob",GCUC,"mens100breast,mens50breast"
"Veres, Barney",GWCS,"mens100breast,mens100i"
"Feller, Curtis",FSUC,"mens100breast,mens200breast,mens200im,mens50breast"
"Whitaker, Matt",FLOR,"mens100breast,mens50breast"
"Simmons, Charlie",DUKE,"mens100breast,mens200breast,mens200im,mens400IM"
"Yoked, Reef",UTES,"mens100breast,mens50breast"
"Krueger, Noah",MIZZ,"mens100breast,mens100i,mens50breast,mens50fly"
"Curtis, Caleb",AZCS,"mens100breast,mens50breast"
"McDevitt, Liam",NCSU,"mens100breast,mens200breast,mens50breast,mens50fly"
"Kim, Lucas",UCSD,"mens100breast,mens200im,mens50back,mens50breast"
"Clarkson, Aidan",UNCCH,"mens100breast,mens50breast"
"Miao, Mikael",ECS,"mens100breast,mens50breast,mens50fly"
"Pianoto, Matthew",GTSC,"mens100breast,mens100i,mens200breast,mens200im"
"Chang, Dominic",UPENN,"mens100breast,mens100fly,mens50breast"
"Helsby, Carter",LU,"mens100breast,mens200breast,mens50breast"
"Cunnan, Calvin",CPSC,"mens100breast,mens100i,mens50Free"
"Liu, Mason",UPENN,"mens100breast,mens200breast,mens200im,mens50breast"
"Stevens, Ryder",ASU,"mens100breast,mens200breast,mens200im,mens50breast"
"Woods, Cooper",ASU,"mens100breast,mens50breast"
"Schlyer, Ryan",SCIU,"mens100breast,mens200breast,mens200free,mens50breast"
"Bernhardt, Spencer",USU,"mens100breast,mens200im,mens50breast"
"Copple, Carson",ISUSC,"mens100breast,mens200breast,mens50breast"
"Gerber, Jeff",UMCS,"mens100breast,mens100i,mens200breast,mens50breast"
"Katra, Marko",UCONN,"mens100breast,mens100free,mens50breast,mens50Free"
"Maconochie, Ethan",GTOWN,"mens100breast,mens50breast,mens50Free"
"Zhou, Michael",UCR,mens100breast
"Zamudio, Jack",UNCCH,"mens100breast,mens50breast"
"Schaars, Kevin",NDSC,"mens100breast,mens200breast,mens50breast,mens50fly"
"Cardwell, Jackson",CSOSU,"mens100breast,mens200breast,mens50breast"
"Schoelwer, Sean",UCCS,"mens100breast,mens100fly,mens100i,mens50fly"
"Cheng, Brandon",UOFO,"mens100breast,mens100i,mens50breast,mens50Free"
"Riedl, Finn",GMUSC,"mens100breast,mens50breast"
"Zhu, Vincent",YALE,"mens100breast,mens50breast"
"Yae, James",DUKE,"mens100breast,mens100fly,mens100i,mens50fly"
"Savinovich, Luke",UTES,"mens100breast,mens200breast,mens200im,mens50breast"
"Dehnke, AJ",SCUW,"mens100breast,mens200im"
"Xie, Orlando",ISC,"mens100breast,mens50breast"
"Arnold, Logan",TAMCS,"mens100breast,mens200fly,mens200im,mens500free"
"Kim, Jeremy",UNCCH,"mens100breast,mens50breast"
"Fenixdy, Darren",ISC,"mens100breast,mens50breast"
"Miller, Mason",CSOSU,"mens100breast,mens100i,mens50breast,mens50Free"
"Wu, Dylan",CAL,"mens100breast,mens200breast,mens50breast"
"Babka, Alex",LUSC,"mens100breast,mens200breast,mens200im,mens50breast"
"Kubina, Mitchell",CU,"mens100breast,mens100fly,mens200breast,mens200im"
"Feng, Garrett",UCSD,"mens100breast,mens50breast"
"Cocchiola, Jonathan",UCONN,"mens100breast,mens50breast"
"Wong, Andrew",CMUCS,"mens100breast,mens50breast,mens50fly"
"Wong, Andrew",UCSD,"mens100breast,mens200fly,mens200im,mens50breast"
"Southall, Luke",UOFO,"mens100breast,mens100free,mens200breast,mens200free"
"Guidry, Jordan",ASU,"mens100breast,mens200breast,mens50breast"
"Wilson, Lucas",UNCCH,"mens100breast,mens200breast"
"Walby, Philip",ISC,"mens100breast,mens50breast"
"Crotty, Michael",CMUCS,"mens100breast,mens50breast"
"Schaefer, Alexander",UVA,"mens100breast,mens50breast,mens50fly"
"Davis, Andrew",PITT,"mens100breast,mens50breast"
"Abdo, Adel",GTSC,"mens100breast,mens50Free"
"Perri, Roman",PURD,"mens100breast,mens200breast,mens200im,mens50breast"
"Tsubota, Chase",UOFO,"mens100breast,mens50breast"
"Chen, William",WUSTL,"mens100breast,mens100free,mens100i"
"Xu, Gordon",CMUCS,"mens100breast,mens50breast"
"Collins, Steven",UTES,"mens100breast,mens100fly,mens100i,mens50breast"
"Koptyra, Zachary",PSU,"mens100breast,mens100free,mens50breast,mens50Free"
"Koo, Raphael",UNCCH,"mens100breast,mens100i,mens50breast"
"Blas, Avery",MN,"mens100breast,mens50breast"
"Tran, Ethan",UCR,"mens100breast,mens50back,mens50breast"
"Murdock, Paul",UALA,"mens100breast,mens50breast,mens50Free"
"Tang, Erik",NEAST,"mens100breast,mens200breast,mens50breast"
"Liu, Kevin",NUIL,mens100breast
"Liu, Allan",PURD,"mens100breast,mens200breast,mens50breast,mens50Free"
"Wonka, Charles",USU,"mens100breast,mens50breast"
"Sander, George",TTUSC,"mens100breast,mens50breast"
"Dorn, Noah",SCUW,"mens100breast,mens200free,mens400IM,mens50breast"
"Steffen, Chuck",SCUW,"mens100breast,mens50breast"
"Senese, Matthew",NDSC,"mens100breast,mens100i,mens200breast,mens50breast"
"Bohachek, Ian",SCUW,"mens100breast,mens200breast,mens50breast"
"Kwon, Brian",PURD,"mens100breast,mens100i,mens200breast,mens200im"
"Bocsi, Daniel",WUSTL,"mens100breast,mens100free,mens200free,mens50Free"
"Donahoe, John",GTSC,"mens100breast,mens200breast,mens200im,mens50breast"
"Chen, Justin",ISC,mens100breast
"Kolesnikov, Oleg",MN,mens100breast
"Qin, Charlie",CWRU,"mens100breast,mens50breast"
"Galabow, Jacob",SANTA,"mens100breast,mens100free"
"Chang, Cole",UCR,"mens100breast,mens50breast"
"Heisman, Andrew",DUCS,"mens100breast,mens200breast,mens50breast"
"Lewandowski, Shunji",ECS,"mens100breast,mens50breast"
"Mei, Ian",UMCS,"mens100breast,mens50breast"
"Grandpre, Preston",AZCS,"mens100fly,mens100free,mens50fly,mens50Free"
"Fong, AJ",UCLAS,"mens100fly,mens100i,mens200free,mens50fly"
"Iwers, John",CU,"mens100fly,mens50fly,mens50Free"
"Satterfield, Caleb",KSSC,"mens100fly,mens100i,mens50fly"
"Reese, Kellen",PURD,"mens100fly,mens100i,mens50fly,mens50Free"
"Brenes-Quesada, Javier",LSCUT,"mens100fly,mens100free,mens200free,mens50Free"
"Williams, Xander",LU,"mens100fly,mens200fly,mens200free,mens50fly"
"Werland, Jack",CAL,"mens100fly,mens100i,mens200free,mens200im"
"Zelenkov, George",UWSC,"mens100fly,mens200fly,mens200free,mens200im"
"White, Aidan",FSUC,"mens100fly,mens200fly,mens50fly"
"Ruble, Grant",LU,"mens100fly,mens200fly,mens500free,mens50fly"
"Duarte, Trypp",GCUC,"mens100fly,mens100free,mens200free,mens50Free"
"Tu, Will",SCU,"mens100fly,mens100free,mens50fly,mens50Free"
"Rhodenizer, William",LU,"mens100fly,mens100i,mens50fly,mens50Free"
"Hunter, Josh",ASU,"mens100fly,mens50fly,mens50Free"
"Kolter, Trent",LU,"mens100fly,mens100free,mens200free,mens50fly"
"Zheng, Tony",UCSD,"mens100fly,mens100i,mens50fly,mens50Free"
"Lee, Matthew",PURD,"mens100fly,mens200fly,mens200free,mens200im"
"Tallman, Gavin",CPSC,"mens100fly,mens200fly,mens200free,mens500free"
"Liang, Kai",UMD,"mens100fly,mens100free,mens200fly,mens200free"
"Thomas, Nathaniel",TAMCS,"mens100fly,mens200fly,mens50fly,mens50Free"
"Ice, Edward",UGAS,"mens100fly,mens100free,mens200free,mens50fly"
"Kvashchuk, Mykhailo",FSUC,"mens100fly,mens100free,mens50fly,mens50Free"
"Doughty, Ben",UMCS,"mens100fly,mens100i,mens50fly"
"Eyre, Chandler",UTES,"mens100fly,mens100free,mens200fly,mens200free"
"VanMatre, Landon",PURD,"mens100fly,mens200fly,mens200free,mens50fly"
"Alleman, Jack",PURD,"mens100fly,mens200fly,mens50fly,mens50Free"
"Abla Rossetti, Joao Pedro",UTES,"mens100fly,mens200fly,mens200free,mens200im"
"Walter, Aiden",LU,"mens100fly,mens200fly,mens500free,mens50fly"
"Mahoney-Schaefer, Max",UWSC,"mens100fly,mens50fly"
"Swender, Zach",ISC,"mens100fly,mens100i,mens200im"
"Cassayre, Dylan",SANTA,"mens100fly,mens50fly"
"Lee, Ryan",UCSD,"mens100fly,mens100free,mens50fly,mens50Free"
"Wisialowski, Kyle",BROWN,"mens100fly,mens100i,mens200fly"
"Wielgus, Daniel",CU,"mens100fly,mens100free,mens50fly,mens50Free"
"Chang, Jonathan",NDSC,"mens100fly,mens50back,mens50fly,mens50Free"
"Paulson, Parker",PSU,"mens100fly,mens100i,mens200free"
"Fukushima, Mei",UCSD,"mens100fly,mens100i,mens200back,mens200im"
"Johnson, Reid",FPUSC,"mens100fly,mens100free,mens200free,mens50Free"
"Pollock, Xander",NAUCS,"mens100fly,mens100free,mens50fly,mens50Free"
"Humphreys, Richard",CMUCS,"mens100fly,mens50breast,mens50fly,mens50Free"
"Ruth, Hudson",SANTA,"mens100fly,mens50back,mens50fly,mens50Free"
"Ooi, Ethan",UVA,"mens100fly,mens50fly,mens50Free"
"Buchholz, Larson",UWSC,"mens100fly,mens50fly"
"Loughmiller, Max",NCSU,"mens100fly,mens100free,mens200free,mens50fly"
"Nguyenle, Sean",UWSC,"mens100fly,mens200im"
"Grabinski, Timothy",LU,"mens100fly,mens100free,mens200fly,mens200free"
"Gibbs, Thomas",VTECH,"mens100fly,mens50fly,mens50Free"
"Cresap, Brandon",AUB,"mens100fly,mens50fly"
"Nealy, Colin",UCFFL,"mens100fly,mens100free,mens200free,mens50fly"
"Maruszewski, Nikola",NUIL,"mens100fly,mens200breast,mens200free,mens200im"
"Forkey, Carson",AUB,"mens100fly,mens50fly"
"Slater, Landon",GTSC,"mens100fly,mens200fly,mens200im"
"Kim, Eric",PSU,"mens100fly,mens200fly,mens50fly,mens50Free"
"Cedergrund, Gus",CU,"mens100fly,mens100i,mens200free,mens200im"
"Peng, Alexander",SCUCD,"mens100fly,mens50fly"
"O'Rourke, Sean",ASU,"mens100fly,mens50fly"
"Katz, Elan",UMCS,"mens100fly,mens200fly"
"Goggins, Christopher",GTSC,"mens100fly,mens50fly"
"Neumann, Asher",NCSU,"mens100fly,mens100free,mens50fly,mens50Free"
"Skidmore, William",GTSC,"mens100fly,mens100free,mens200fly,mens50fly"
"Philipov, Daniel",ISC,"mens100fly,mens200fly,mens500free,mens50fly"
"Islas, Fernando",MARQ,"mens100fly,mens200im,mens50fly,mens50Free"
"Lentini IV, Joseph",PITT,mens100fly
"MacPherson, Quinn",CU,"mens100fly,mens200im,mens400IM"
"Han, Kevin",LSCUT,"mens100fly,mens100free,mens200fly,mens200free"
"Dankert, Ben",MARQ,"mens100fly,mens100free,mens200free,mens50Free"
"Barrette, Koji",WUSTL,"mens100fly,mens100free,mens200free,mens50fly"
"Emre, Emir",ECS,"mens100fly,mens100free,mens50fly,mens50Free"
"Pytlinski, Nick",UCCS,"mens100fly,mens200im"
"Hann, Gus",NDSC,"mens100fly,mens200fly,mens200free,mens50fly"
"Rimsa, Thomas",GTSC,"mens100fly,mens50fly,mens50Free"
"Abrams, Jack",CLEM,"mens100fly,mens200free,mens400IM,mens500free"
"Fecko, Logan",W&M,"mens100fly,mens200im,mens400IM"
"Laurie, Aiden",FSUC,"mens100fly,mens100free,mens50fly,mens50Free"
"Trocchi, Will",SCGSU,"mens100fly,mens50fly"
"Simpkins, Ben",CLEM,"mens100fly,mens50fly,mens50Free"
"Kuliyev, Maxim",FLOR,"mens100fly,mens100free,mens50fly,mens50Free"
"Hibbert, Caiden",UPENN,"mens100fly,mens100free,mens50fly,mens50Free"
"Kiryukhin, Artem",UCLAS,"mens100fly,mens100free,mens50fly,mens50Free"
"Hintz, Isaac",UMICH,mens100fly
"Armitage, Kyle",UVA,"mens100fly,mens200fly,mens50back,mens50fly"
"Franz, John",CSOSU,"mens100fly,mens200free"
"Duong, Kenneth",UCSD,"mens100fly,mens100free,mens50fly,mens50Free"
"Robison, Owen",SANTA,"mens100fly,mens50fly"
"Leon Guerrero, Ty",W&M,"mens100fly,mens50breast,mens50fly"
"Vattuone, Ryan",SCU,"mens100fly,mens100free,mens50fly,mens50Free"
"Hall, Aaron",LU,"mens100fly,mens100free,mens200fly,mens50Free"
"Albright, Ryan",CU,"mens100fly,mens200free,mens200im,mens50fly"
"Emerman, Josh",CSOSU,"mens100fly,mens200fly,mens50fly"
"Sleptsov, Alex",VTECH,"mens100fly,mens100i,mens200fly,mens200im"
"Zgorski, Kyle",MARQ,"mens100fly,mens50fly"
"Harada, Jack",UMD,"mens100fly,mens100i,mens200im,mens50fly"
"Kane, Owen",LUSC,mens100fly
"Cianflone, Mason",DUQCS,"mens100fly,mens50fly"
"Marchand, Henri",ISC,"mens100fly,mens200im,mens50fly,mens50Free"
"McNally, Michael",ISC,"mens100fly,mens200fly,mens200im"
"Burke, Brandon",NDSC,"mens100fly,mens200fly,mens200free,mens500free"
"Rasoumoff, Paul",LU,"mens100fly,mens100free,mens50fly"
"Desai, Kaneiya",CAL,"mens100fly,mens50fly"
"Wang, Nansen",USCA,"mens100fly,mens50fly,mens50Free"
"Blair, Dillon",MSUSC,mens100fly
"Chen, Bryan",UCLAS,mens100fly
"Qi, Henry",CAL,"mens100fly,mens50fly"
"Wu, Charlie",FLOR,"mens100fly,mens100free,mens200free,mens50Free"
"Zhang, Wentao",CAL,"mens100fly,mens50breast,mens50fly,mens50Free"
"Tomasello, Jonathan",UCR,"mens100fly,mens200im"
"Hopkins, Braden",WUSTL,"mens100fly,mens50back,mens50fly"
"Cheslock, Carter",PSU,"mens100fly,mens100i,mens50breast,mens50fly"
"Skantz, Joseph",SCUW,"mens100fly,mens100free,mens50fly,mens50Free"
"Graves, Declan",CMU,mens100fly
"Greigg, Daniel",UMD,mens100fly
"Simkus, Lukas",UMICH,"mens100fly,mens100i,mens200free,mens50fly"
"Jones, Ryan",UDSC,"mens100fly,mens200fly,mens50fly"
"Lindeman, Ethan",GCUC,"mens100fly,mens100free,mens200free"
"Loi, Kyle",UMICH,"mens100fly,mens50back,mens50fly"
"Davis, Issac",MSUSC,"mens100fly,mens100free,mens200free,mens50Free"
"Tang, Jonathan",FLOR,"mens100fly,mens50fly"
"Stratimirovic, Stefan",PITT,mens100fly
"Karcheuski, Daniel",UMD,"mens100fly,mens200fly,mens50breast,mens50fly"
"Long, Liam",GTSC,"mens100free,mens200fly,mens200free,mens200im"
"Howe, Jacob",WVAU,"mens100free,mens50back,mens50fly,mens50Free"
"Brown, Whittman",LU,"mens100free,mens200free,mens500free,mens50Free"
"Nordgren, Jason",CU,"mens100free,mens200free,mens50Free"
"Wang, Bebe",PURD,"mens100free,mens50back,mens50Free"
"Gustin, Daniel",SCU,"mens100free,mens50Free"
"VanderSchee, Jared",MIZZ,"mens100free,mens200free,mens50Free"
"Leatherwood, Kieran",ASU,"mens100free,mens500free,mens50fly,mens50Free"
"Lee, Ryan",DUKE,"mens100free,mens50fly,mens50Free"
"Robertson, Michael",ASU,"mens100free,mens100i,mens50Free"
"Cloutier, Briggs",UNCW,"mens100free,mens50Free"
"White, James",GTSC,"mens100free,mens50fly,mens50Free"
"Meeks, Charlie",UGAS,"mens100free,mens200free,mens50Free"
"Renier, Luke",UGAS,"mens100free,mens200fly,mens200free,mens200im"
"Phillipps, Maximus",LU,"mens100free,mens200free,mens50Free"
"Sterrett, Noah",SCU,"mens100free,mens50Free"
"Gransee, Kyle",FSUC,"mens100free,mens50Free"
"Tandon, Raghav",PURD,"mens100free,mens50fly,mens50Free"
"Scholpp, Alexander",CU,"mens100free,mens200back,mens200free,mens500free"
"Urgo, Michael",UMCS,"mens100free,mens100i,mens50fly,mens50Free"
"Simoncini, Leonardo",WMU,"mens100free,mens50back,mens50fly,mens50Free"
"White, Ethan",CLT,"mens100free,mens200free,mens50Free"
"Burns, Alexander",CU,"mens100free,mens200free,mens500free"
"Trinh, Victor",MN,"mens100free,mens100i,mens50fly,mens50Free"
"Gaier, Aiden",CSOSU,"mens100free,mens50Free"
"Diede, Ryan",ISUSC,"mens100free,mens200free,mens50Free"
"Raskay, Kyle",GVSU,"mens100free,mens100i,mens50fly,mens50Free"
"Aparicio, Drew",CU,"mens100free,mens200free,mens50back,mens50Free"
"Gonzalez, Daniel",UGAS,"mens100free,mens100i,mens50fly,mens50Free"
"Klug, Nick",UMICH,"mens100free,mens50fly,mens50Free"
"Guthrie, Peter",CSOSU,"mens100free,mens50Free"
"Kubica, Clement",NUIL,"mens100free,mens100i,mens200free,mens50Free"
"Ping, Evan",UPENN,"mens100free,mens200free,mens50Free"
"Lezovich, Zachary",MSUSC,"mens100free,mens50fly,mens50Free"
"Foy, Kearney",CSOSU,"mens100free,mens50fly,mens50Free"
"Field, Hunter",PURD,"mens100free,mens200free,mens50fly,mens50Free"
"Seward, Lawson",FSUC,"mens100free,mens50fly,mens50Free"
"Stoen, Tyler",CPSC,"mens100free,mens200back,mens200free,mens50Free"
"Whann, Campbell",LSCUT,"mens100free,mens200free,mens50back,mens50Free"
"Colmenares, Juan",UCFFL,"mens100free,mens200free,mens50back,mens50fly"
"Roth, Tucker",ASU,"mens100free,mens50Free"
"Wetherill, Mitchell",ISC,"mens100free,mens200im,mens50Free"
"Spade, Gage",LU,"mens100free,mens200free,mens500free,mens50Free"
"Parhi, Tanush",UMD,"mens100free,mens50Free"
"Fernandez, Kyle",SANTA,"mens100free,mens100i,mens200free,mens200im"
"Mirel, Kaan",CPSC,"mens100free,mens100i,mens200free,mens200im"
"Young, Hatcher",VTECH,"mens100free,mens50back,mens50fly,mens50Free"
"Wang, Daniel",UGAS,"mens100free,mens50back,mens50fly,mens50Free"
"Liberto, Evan",MOFO,"mens100free,mens50fly,mens50Free"
"Reichenbach, Cameron",KSSC,"mens100free,mens50fly,mens50Free"
"Plautz, Liam",MIZZ,"mens100free,mens200free,mens50Free"
"Hafner, Justin",CLEM,"mens100free,mens200free,mens50Free"
"Madeksza, Charlie",CMU,"mens100free,mens200free,mens200im"
"Ivan, David",UNCW,"mens100free,mens200free,mens200im,mens50fly"
"Shapiro, Daniel",AZCS,"mens100free,mens200free,mens200im,mens50Free"
"Johnson, Luke",ASU,"mens100free,mens50fly,mens50Free"
"Keller, Luke",GTOWN,"mens100free,mens200free,mens50Free"
"Pool, Maddox",GCUC,"mens100free,mens200breast,mens200free,mens50breast"
"Jimenez, Tylor",GCUC,"mens100free,mens200free"
"Joshi, Noah",UCSD,"mens100free,mens50back,mens50Free"
"Shannon, Maddoc",USCA,"mens100free,mens50Free"
"Kondrashev, Dima",TULSC,"mens100free,mens50Free"
"Rosenhein, Drew",VTECH,"mens100free,mens200im,mens50fly,mens50Free"
"Foeri, Tyler",APPST,"mens100free,mens50fly,mens50Free"
"Geunes, Eric",PRINC,"mens100free,mens200free"
"Karpen, Matthew",ECS,"mens100free,mens200free,mens50back,mens50fly"
"Bratu, Dan",GTSC,"mens100free,mens50Free"
"Barnett, Will",LUSC,"mens100free,mens50fly,mens50Free"
"Fan, Francis",YALE,"mens100free,mens50Free"
"Allred, Joseph",CU,"mens100free,mens200free,mens50Free"
"Dionne, Grant",TAMCS,"mens100free,mens50Free"
"Ozil, Deniz",MSUSC,"mens100free,mens200free,mens50back"
"Harting, Alden",ECS,"mens100free,mens200free,mens50Free"
"Piani, Rylan",CLEM,"mens100free,mens200free"
"Zahn, Warren",UCSD,"mens100free,mens50fly"
"Smith, Peter",MARQ,"mens100free,mens100i,mens50fly,mens50Free"
"Lavin, Michael",VCS,"mens100free,mens50Free"
"Teal, Nathan",UGAS,"mens100free,mens200free,mens50Free"
"Gabriele, Noah",CLEM,"mens100free,mens50back,mens50fly,mens50Free"
"Bentley, Chase",PITT,"mens100free,mens50back"
"Leung, Alex",CMUCS,"mens100free,mens200free,mens50fly,mens50Free"
"Wilson, Kai",GCUC,"mens100free,mens200free,mens50back,mens50fly"
"Sommer, Cort",CU,"mens100free,mens200free,mens500free,mens50fly"
"Held, Drew",NDSC,"mens100free,mens50back,mens50Free"
"Krom, Tyler",UNCW,"mens100free,mens50Free"
"Caceres-Gamero, Ricky",CSOSU,"mens100free,mens200free"
"Curren, Gavin",OSU,"mens100free,mens200free,mens500free"
"Herold, Jonathan",FSUC,"mens100free,mens50Free"
"Jungblut, Owen",PURD,"mens100free,mens200free,mens50Free"
"Joseph, Julian",BROWN,"mens100free,mens50fly,mens50Free"
"Nenkov, Miles",UKCS,"mens100free,mens200free,mens50back,mens50Free"
"Roberts, Nicholas",UNCCH,"mens100free,mens50fly,mens50Free"
"Tuthill, Ben",UMICH,"mens100free,mens50Free"
"Collett, Owen",UGAS,"mens100free,mens50back,mens50Free"
"Wagner, Jack",GCUC,"mens100free,mens200free,mens50Free"
"Seliem, Hamza",NCSU,"mens100free,mens200free"
"Marri, Rithvik",DUKE,"mens100free,mens200free,mens50back"
"Reitter, Aidan",MOFO,"mens100free,mens50Free"
"Farnham, Max",UVA,"mens100free,mens200free,mens200im,mens400IM"
"Jordan, Cole",UCFFL,"mens100free,mens50fly,mens50Free"
"Tang, York",CAL,"mens100free,mens50Free"
"Atzet, Ethan",UTES,"mens100free,mens50fly,mens50Free"
"Fridman, Aron",SCUW,"mens100free,mens50fly"
"Higgins, Timothy",GMUSC,"mens100free,mens200breast"
"Miller, Christopher",NCSU,"mens100free,mens50Free"
"Peddie, Dave",AZCS,"mens100free,mens200free,mens500free"
"Huggins, Sean",CSOSU,"mens100free,mens200free,mens50back,mens50fly"
"Lewis, Gavin",CSOSU,"mens100free,mens50fly,mens50Free"
"Murtha, Ryan",PSU,"mens100free,mens50Free"
"Milman, Sean",UMD,"mens100free,mens200free"
"Shvydkoy, Dmitriy",ISC,"mens100free,mens50back,mens50Free"
"Owen, Zach",PSU,"mens100i,mens50back"
"Roberts, Topher",UNCCH,"mens100i,mens200im,mens50Free"
"Ridosko, Ryan",CSU,"mens100i,mens200back,mens200im,mens500free"
"Rosa, Drew",ISC,"mens100i,mens50breast"
"Carver, Noah",NUIL,"mens100i,mens50fly,mens50Free"
"Jarr, Ethan",SCAR,"mens100i,mens50breast,mens50fly,mens50Free"
"Bettis, Will",UVA,"mens100i,mens50Free"
"Kircher, Finley",UCLAS,"mens100i,mens200free,mens200im,mens400IM"
"Hannam, Emmett",UVA,"mens100i,mens200breast,mens200free,mens200im"
"Trocchi, Tyler",SCGSU,"mens100i,mens200breast,mens50breast,mens50fly"
"Badrak, Trent",UMD,"mens100i,mens50breast,mens50fly,mens50Free"
"Cruise, Conner",SLUSC,"mens100i,mens50breast,mens50fly"
"Yang, Alexander",UCI,"mens100i,mens200im,mens50breast"
"Steadman, Spencer",VTECH,mens100i
"Long, Lucas",GTSC,"mens100i,mens200im,mens50back"
"Hanks, Joshua",GTSC,"mens100i,mens50breast,mens50fly,mens50Free"
"Gerzema, Paddy",PURD,"mens100i,mens200free,mens200im,mens400IM"
"Smith, Matthew",PSU,"mens100i,mens200back,mens200im"
"Shirai, Rio",FLOR,"mens100i,mens200fly,mens200im,mens400IM"
"Webster, Andrew",VTECH,"mens200back,mens50back"
"Bunnell, Devin",USU,"mens200back,mens200free,mens500free,mens50back"
"Liao, James",NEAST,"mens200back,mens200free"
"Jiang, Jerry",CAL,mens200back
"Cappelletti, Rocco",NUIL,"mens200back,mens50back,mens50fly"
"Long, Byron",LU,"mens200breast,mens200im,mens400IM,mens500free"
"Lancellotti, Mason",ECS,"mens200breast,mens200free,mens200im,mens50breast"
"Song, Ethan",DUKE,"mens200breast,mens50breast"
"Marsalek, Asa",GCUC,"mens200breast,mens200im,mens400IM"
"Vacula, Trent",PITT,"mens200breast,mens200im"
"Roberts, Daniel",CAL,"mens200breast,mens200free,mens50breast"
"Taylor, Trent",UKCS,"mens200breast,mens200im,mens400IM,mens50breast"
"He, Kenneth",ECS,"mens200breast,mens200im,mens50breast"
"Batchelor, Hugo",ASU,"mens200fly,mens200free,mens400IM,mens500free"
"Griley, Kai",ASU,"mens200fly,mens200free,mens200im,mens500free"
"Rosenberg, Bennett",STANF,"mens200fly,mens200free"
"Bonnell, Dawson",UKSC,"mens200fly,mens200im"
"Kohn, Kenneth",STANF,mens200fly
"Amaravadi, Asrith",MIZZ,mens200fly
"Lee, Aaron",CPSC,mens200fly
"Okada, Kazuma",CLARE,"mens200fly,mens200im,mens400IM"
"Davis, Thomas",TAMCS,mens200fly
"Rasmussen, Sven",PURD,"mens200fly,mens200im"
"Lee, Aaron",UPENN,mens200fly
"Wright, Lucas",UCSD,mens200fly
"Choroser, Dennis",CU,"mens200free,mens200im,mens500free,mens50back"
"Capra, Jack",CPSC,"mens200free,mens200im,mens400IM,mens500free"
"Chimidkhorloo, Erdene",UCFFL,mens200free
"Nist, Holden",WVAU,"mens200free,mens200im,mens50Free"
"Ahl-Hinson, Finn",SCUW,"mens200free,mens200im"
"Stadick, Nick",UCI,mens200free
"Black, Carter",KSSC,mens200free
"Nishikawa, Bryce",USCA,"mens200free,mens500free"
"Mullings, Dominic",GMUSC,mens200free
"Feinberg, Nathan",UVA,mens200free
"Ruhala, Ben",UCCS,mens200free
"Morgan, Ian",ISUSC,mens200free
"Schloss, Jacob",SLUSC,mens200free
"Mouline, Karim",BROWN,mens200free
"Oltjenbruns, Lex",TTUSC,mens200free
"Mervich, Ian",CLT,"mens200free,mens200im"
"FitzPatrick, Harry",NDSC,mens200free
"Fantone, Ryan",TAMPA,mens200free
"Schwabe, AJ",JMU,"mens200free,mens50Free"
"Dearing, Jacobb",SEMO,mens200free
"Huebner, Andrew",WUSTL,mens200free
"Winzenz, Mason",CAL,mens200free
"Qian, Timothy",NEAST,"mens200free,mens50back"
"Ball, Patrick",FSUC,"mens200free,mens50back"
"Woodside, Matthew",LUM,mens200free
"Wong, Christien",WUSTL,mens200free
"Gauntt, Charlie",UGAS,"mens200free,mens200im"
"Ganz, Zach",UGAS,"mens200free,mens50back"
"Emerson, Drewes",TULSC,mens200free
"Robertson, Kade",NSUSC,"mens200free,mens500free"
"Chapovalov, Zach",ISC,mens200free
"Maier, Vincent",ISUSC,"mens200free,mens50fly"
"Stevens, Will",UVA,"mens200free,mens200im,mens400IM"
"Allen, Hunter",FSUC,"mens200free,mens200im,mens500free"
"Sang, Aaron",ISUSC,mens200free
"Misener, Jay",CU,"mens200free,mens200im,mens400IM"
"Shuman, Jackson",W&M,"mens200free,mens50fly"
"Sahaida, Jack",PSU,mens200free
"Schaublin, Grady",BGCS,mens200free
"Burman, Luke",PSU,mens200free
"Yang, Kenneth",UWSC,mens200free
"Short, Ryan",NUIL,mens200free
"Cong Jimenez, Kwuin Ping Fel",UNL,mens200free
"Ochalek, Peter",WUSTL,"mens200free,mens500free"
"Townsend, Matthew",GTSC,mens200free
"Mitchell, Tommy",SCAR,"mens200free,mens500free"
"Ju, Ryan",UTD,"mens200im,mens50back,mens50fly"
"O'Neill, Owen",MSUSC,"mens200im,mens50back"
"Eichel, Isaiah",TAMCS,"mens200im,mens400IM"
"Herrera, Jake",AZCS,mens200im
"Semmer, Jack",PSU,mens200im
"Caraman, Bryan",UTD,mens200im
"Su, Justin",UNCCH,mens200im
"Zhang, Edi",UCLAS,mens200im
"Grubbs, Caleb",BGCS,mens200im
"Patchin, DJ",NDSC,"mens200im,mens400IM"
"O'Hara, Patrick",VCS,mens200im
"Christiansen, Harold",TAMCS,mens200im
"Chen, Andrew",UCLAS,mens200im
"Gisiner, Samuel",NDSC,mens200im
"Lewis, William",TULSC,mens200im
"Zhang, Aidan",CMUCS,mens200im
"Kosiorowski, Devin",UMD,mens400IM
"Hooper, Thomas",UCCS,mens400IM
"Svob, Joshua",ISC,mens400IM
"Krol, Christopher",UMD,mens400IM
"Woodruff, Johnny",MIZZ,mens400IM
"Gurudutt, Aydin",CWRU,"mens50back,mens50fly"
"DeGhetto, Jake",TAMCS,"mens50back,mens50fly,mens50Free"
"Bever, Ben",JMU,mens50back
"Acker, Michael",CMU,"mens50back,mens50fly,mens50Free"
"Chen, David",SCUW,"mens50back,mens50breast"
"Barcellano, Miguel",UTD,mens50back
"Conaton, William",VTECH,"mens50back,mens50breast,mens50fly,mens50Free"
"May, Cooper",AUB,mens50back
"Ng, Titus",UCSD,mens50back
"Senchyshak, Ryan",CSOSU,"mens50back,mens50fly,mens50Free"
"Wang, Eric",BROWN,mens50back
"Munoz, Antonio",UBUF,mens50back
"Bretz, Nathan",PSU,mens50back
"Seidel, Tyler",CLT,"mens50back,mens50Free"
"Williams, Weston",UVA,"mens50back,mens50fly,mens50Free"
"Blackburn, Logan",UDSC,mens50back
"Mullin, Samuel",AUCS,mens50back
"Lore, Jackson",UTC,"mens50back,mens50Free"
"Kryski, Wyatt",UGAS,"mens50back,mens50fly"
"Szuba, Ian",MSUSC,mens50back
"Azuma-Hall, Miles",NUIL,"mens50back,mens50fly,mens50Free"
"Palacio, Gabriel",SCU,mens50back
"Marra-Ulfe, Kyle",UCFFL,mens50back
"Mulliken, Caleb",SLUSC,mens50back
"Griffin, Oliver",CSOSU,"mens50back,mens50Free"
"Nangle, Will",UCONN,mens50back
"Riley, Connor",CSOSU,mens50back
"Zhao, Alexander",CMUCS,mens50back
"Vinnikov, Matthew",PSU,"mens50back,mens50Free"
"Gordon, Kyle",GVSU,mens50back
"DiPietro, Austin",CCU,"mens50back,mens50breast"
"Anderson, Michael",UDSC,"mens50back,mens50breast,mens50fly,mens50Free"
"Tain, Connor",JMU,mens50back
"Chen, Alexander",UMD,mens50back
"Hamilton, Stirling",JMU,"mens50back,mens50breast"
"Mihailescu, Alexander",ISC,mens50back
"Vaughan, Quinn",LUM,mens50back
"McBride, Blake",TAMCS,mens50back
"Duan, Godwin",PRINC,mens50back
"Wong, Matthias",MN,mens50back
"Shin, Caleb",UCR,mens50breast
"Bao, Jason",DUKE,mens50breast
"Murray, Nathaniel",UCONN,mens50breast
"Zhang, Jeffrey",UNCCH,mens50breast
"Louden, Braden",ASU,"mens50breast,mens50fly"
"Patterson, Jay",GVSU,"mens50breast,mens50fly,mens50Free"
"Super, Adam",AZCS,mens50breast
"Choi, Paul",PITT,mens50breast
"Johnson, Ford",USCA,mens50breast
"Heberle, Luke",MOFO,mens50breast
"Adams, Noah",NSUSC,mens50breast
"Jeffery, Matthew",TAMCS,"mens50breast,mens50Free"
"Wu, Derek",TAMCS,"mens50breast,mens50Free"
"Broghammer, Joe",MARQ,mens50breast
"Ioannisci, Alexander",UBUF,mens50breast
"Bidasee, Sean",UNL,mens50breast
"Jo, Benjamin",UMD,"mens50breast,mens50fly,mens50Free"
"Cembrano, Matt",USCA,mens50breast
"Ding, Chouchi",WUSTL,mens50breast
"Donovan, Rowan",SLUSC,mens50breast
"Pfennigwerth, Nathan",SRUS,mens50breast
"Tamaroff, Alec",UCFFL,mens50breast
"Ji, Alex",UCONN,mens50breast
"Buenano, Sebastian",UMSC,mens50breast
"Ellis, Colton",UNCW,mens50breast
"Klein, Daniel",SCUW,mens50breast
"Tran, Theo",CMUCS,"mens50breast,mens50fly"
"Coleman, James",JMU,mens50breast
"Lee, Austin",UMCS,mens50breast
"Horey, Charlie",SCU,mens50breast
"Li, Kevin",GTOWN,mens50breast
"Miller, Justin",UMD,mens50breast
"Hetlage, Patrick",CU,mens50breast
"Jacobs, Charlie",CWRU,"mens50breast,mens50fly"
"Krupinski, Blake",UCCS,mens50breast
"Owusu, Aaron",CSOSU,"mens50fly,mens50Free"
"Dix, Ryan",CLEM,"mens50fly,mens50Free"
"Vayts, Matthew",SCUW,mens50fly
"Frank, Gabriel",MARQ,"mens50fly,mens50Free"
"Jaya, Putu Elvin",TAMCS,"mens50fly,mens50Free"
"Matthews, John",GTSC,"mens50fly,mens50Free"
"Quimby, Paul David",NDSC,mens50fly
"Yuan, Alex",YALE,mens50fly
"Horner, Harrison",PSU,"mens50fly,mens50Free"
"Landrum, Lincoln",CSOSU,mens50fly
"Ellis, Jaden",VCS,"mens50fly,mens50Free"
"Lien, Geoffrey",WUSTL,"mens50fly,mens50Free"
"van Breda, Jude",ASU,"mens50fly,mens50Free"
"Calvert, Matt",KSSC,mens50fly
"Crabtree, Connor",UNTSC,mens50fly
"Carlson, John",NDSC,mens50fly
"Stemp, Danny",ASU,mens50fly
"Zhan, Dex",AZCS,mens50fly
"Kimmell, Logan",VTECH,mens50fly
"Mar, Joshua",USCA,mens50fly
"Feng, Harry",WUSTL,mens50fly
"Johnson, Alex",GTOWN,mens50fly
"Sartori, Colin",UVA,"mens50fly,mens50Free"
"Mora, Sebastian",NSUSC,"mens50fly,mens50Free"
"Replogle, CJ",CSOSU,"mens50fly,mens50Free"
"Schoenow, Nathan",UMICH,mens50fly
"Steiner, Jack",GTOWN,mens50fly
"Tobar, Christopher",SLUSC,mens50fly
"Towns, Brayden",UTES,mens50fly
"Mejia-Reynoso, Antonio",DUCS,mens50fly
"Davis, Michael",VCU,mens50fly
"Behrooz, Ramin",CAL,mens50fly
"Roman, Jeffrey",NEAST,"mens50fly,mens50Free"
"Scaturo, Nick",LUSC,mens50fly
"Zang, Eric",PITT,"mens50fly,mens50Free"
"Wong, Wang Lap Stanley",NEAST,"mens50fly,mens50Free"
"Mila, Jackson",ISUSC,mens50fly
"Rice, Yuji",UOFO,mens50fly
"Wong, Gavin",UCSD,mens50fly
"Lister, Patrick",GTSC,mens50Free
"McGovern, Owen",MOFO,mens50Free
"Hammett, Christopher",BROWN,mens50Free
"Klingenberg, Brennan",GTSC,mens50Free
"Xie, Brady",YALE,mens50Free
"Flaherty, Ian",ISC,mens50Free
"Cao, Conrad",GTOWN,mens50Free
"Bursin, Peyton",SANTA,mens50Free
"Matyas, Nicholas",WVAU,mens50Free
"Niemczyk, Andrew",UCONN,mens50Free
"Sun, Kevin",NUIL,mens50Free
"Visser, Jared",MSUSC,mens50Free
"Rajesh, Sidharth",PITT,mens50Free
"Bush, Bradley",STANF,mens50Free
"Clarke, Braden",ISUSC,mens50Free
"Long, Ryan",MN,mens50Free
"Mo, Darren",UPENN,mens50Free
"Ortiz Carrion, Nicolas",TAMCS,mens50Free
"Meyers, Luke",JMU,mens50Free
"Vandermolen, Carter",PITT,mens50Free
"Grisso, Robert",UOFO,mens50Free
"Sanders, Jayden",ASU,mens50Free
"Chierotti, Luca",SCU,mens50Free
"Liu, Zhenqi",WFU,mens50Free
"Zorc, Peter",GTOWN,mens50Free
"van de Goor, Sterre",NCSU,"womens1000free,womens100free,womens200free,womens500free"
"Blake, Katherine",UMICH,"womens1000free,womens200im,womens400IM,womens500free"
"Brefeld, Peyton",FSUC,"womens1000free,womens200back,womens200im,womens500free"
"Jordan, Kathryn",UVA,"womens1000free,womens200free,womens400IM,womens500free"
"Bever, Brady",JMU,"womens1000free,womens200back,womens200free,womens500free"
"Bringard, Beca",UTES,"womens1000free,womens200free,womens400IM,womens500free"
"Meador, Mollie",UMICH,"womens1000free,womens200free,womens500free"
"Bucher, Nora",CPSC,"womens1000free,womens100free,womens200free,womens500free"
"Izquierdo, Kai",CPSC,"womens1000free,womens200free,womens500free"
"Burkus, Sophie",UALA,"womens1000free,womens100free,womens200free,womens500free"
"West, Josie",UVA,"womens1000free,womens200free,womens400IM,womens500free"
"DiSalvo, Abigail",DUKE,"womens1000free,womens200im,womens400IM,womens500free"
"Alsobrook, Katharine",FLOR,"womens1000free,womens500free"
"Graves, Jennifer",UCSD,"womens1000free,womens100fly,womens400IM,womens500free"
"Martin, Charlotte",AZCS,"womens1000free,womens200free,womens500free"
"Alvarez, Marisol",UCSD,"womens1000free,womens200free,womens500free"
"Haynes, Rachel",NEAST,"womens1000free,womens100free,womens200free,womens500free"
"Barrabee, Lauren",AUCS,"womens1000free,womens200back,womens200free,womens500free"
"Fischer, Kayla",PURD,"womens1000free,womens100fly,womens200im,womens400IM"
"Hay, Katherine",MOFO,"womens1000free,womens200back,womens200free,womens500free"
"McCollough, Macy",BCST,"womens1000free,womens100free,womens200free,womens500free"
"Peck, Kate",BCST,"womens1000free,womens200im,womens500free"
"Reinhard, Marlee",UVA,"womens1000free,womens200back,womens200fly,womens500free"
"Laws, Jessica",CLEM,"womens1000free,womens200free,womens500free"
"Dye, Amanda",UVA,"womens1000free,womens200free,womens200im,womens500free"
"Schroeder, Amy",CPSC,"womens1000free,womens200free,womens500free"
"Shaps, Ellie",CAL,"womens1000free,womens200breast,womens200fly,womens400IM"
"Swift, Erin",UCSD,"womens100back,womens100free,womens200back,womens50back"
"Miller, Elizabeth",UVA,"womens100back,womens200back,womens200im,womens50back"
"Darling, Emma",SCUW,"womens100back,womens50back"
"Logue, Madison",GCUC,"womens100back,womens100im,womens200back,womens200im"
"Lui, Nadia",UCR,"womens100back,womens100im,womens50back,womens50fly"
"Park, Emily",NUIL,"womens100back,womens100im,womens200back,womens200im"
"Freitas, Vivian",UCONN,"womens100back,womens50back,womens50breast"
"Sugra, Paige",SCAR,"womens100back,womens100free,womens50back,womens50free"
"Krampert, Ella Grace",CPSC,"womens100back,womens100fly,womens100free,womens50free"
"Rosenkranz, Barbara",FSUC,"womens100back,womens100fly,womens200back,womens50fly"
"Legg, Natalie",MARQ,"womens100back,womens50back"
"Ng, Amanda",CAL,"womens100back,womens200back,womens200im,womens50back"
"Gavin, Anna",AUB,"womens100back,womens100im,womens50back,womens50fly"
"Javor, Brooke",CPSC,"womens100back,womens200back,womens50back,womens50fly"
"Corder, Bel",UMCS,"womens100back,womens200back,womens50back"
"Alguire, Allison",MSUSC,"womens100back,womens100im,womens200back,womens50back"
"Woo, Ashley",UMD,"womens100back,womens100im,womens50back,womens50free"
"Huewe, Olivia",FLOR,"womens100back,womens100im,womens50back,womens50fly"
"Wilson, Gracie",GCUC,"womens100back,womens100free,womens50back,womens50free"
"Fulton, Rachel",GTSC,"womens100back,womens100free,womens50back,womens50free"
"Ha, Elise",UVA,"womens100back,womens200back,womens200im,womens50back"
"Habel, Lydia",UCCS,"womens100back,womens100fly,womens50fly,womens50free"
"Phung, Paige",SCUCD,"womens100back,womens100im,womens50back,womens50free"
"Larsen, Lauren",UOFO,"womens100back,womens100free,womens50back,womens50free"
"Krogman, Clara",CSOSU,"womens100back,womens100im,womens200back,womens50back"
"Wood, Kiera",CSOSU,"womens100back,womens100im,womens50back,womens50free"
"Oesterer, Josie",CAL,"womens100back,womens200back,womens50fly"
"Lynch, Emily",UDSC,"womens100back,womens100free,womens100im,womens50back"
"Rossi, Elena",NEAST,"womens100back,womens200breast,womens200im,womens400IM"
"Meek, Katherine",CSU,"womens100back,womens50back"
"Gillum, Connie",NUIL,"womens100back,womens50back"
"Kawai, Gloria",UMICH,"womens100back,womens200back,womens50back"
"Crum, Samantha",TAMPA,"womens100back,womens100im,womens50back,womens50fly"
"Guo, Deanna",NEAST,"womens100back,womens100im,womens50back,womens50fly"
"Barr, Lindsay",CSU,"womens100back,womens200back,womens50back,womens50free"
"Houck, Madison",FSUC,"womens100back,womens100free,womens50back"
"Khan, Olivia",UCSD,"womens100back,womens100im,womens200back,womens50back"
"McCarthy, Kathleen",UTC,"womens100back,womens100im,womens200im"
"Peterson, Skylar",FLOR,"womens100back,womens100free,womens200back,womens200free"
"Hunter, Ainsley",USU,"womens100back,womens100fly,womens50back,womens50fly"
"Hoffman, Ashlyn",CSOSU,"womens100back,womens100fly,womens50back,womens50fly"
"Sealey, Isabelle",FSUC,"womens100back,womens100fly,womens100im,womens200fly"
"Nguyen, Kayla",UPENN,"womens100back,womens100fly,womens200fly,womens50fly"
"Huang, Susan",CMUCS,"womens100back,womens100breast,womens100im,womens50back"
"Rangel, Alisa",UWSC,"womens100back,womens100fly,womens50fly"
"Xiao, Emma",LSCUT,"womens100back,womens100fly,womens100free,womens200back"
"Goo, Fiona",UVA,"womens100back,womens50fly"
"Sullivan, Lauren",UBUF,"womens100back,womens100fly,womens100free,womens50fly"
"Dee, Becca",UGAS,"womens100back,womens50back,womens50free"
"Knowles, Sophia",UNC,"womens100back,womens100im,womens200im,womens50back"
"Cappola, Alexandra",GTOWN,"womens100back,womens100free,womens200back,womens200im"
"Caceres, Deanna",CCU,"womens100back,womens100free,womens50back,womens50free"
"Tran, Yvonne",UCR,"womens100back,womens50back,womens50free"
"Brodigan, Anna",UTES,"womens100back,womens200back,womens50back,womens50free"
"Gifford, Charlotte",NSUSC,"womens100back,womens200back,womens50back"
"Mooers, Fiona",UCONN,"womens100back,womens200back,womens50back"
"Roberts, Lauren",UNCCH,"womens100back,womens100free,womens50back,womens50free"
"DiPietre, Isabelle",SLUSC,"womens100back,womens200back,womens50back"
"Greaux, Lauren",FSUC,"womens100back,womens200back,womens200im,womens50back"
"Boehme, Tessa",MOFO,"womens100back,womens200back,womens200im,womens50back"
"Pederson, Jordan",UMICH,"womens100back,womens50back,womens50fly"
"Wick, Madison",CSU,"womens100back,womens100free,womens50fly,womens50free"
"Jones, Rachel",UNCW,"womens100back,womens100im,womens50fly,womens50free"
"Ostermeier, Lori",ISUSC,"womens100back,womens200back,womens200im,womens400IM"
"Body, Reagan",UGAS,"womens100back,womens50back,womens50breast"
"Fowler, Faith",JMU,"womens100back,womens100fly"
"Livingood, Kati",CU,"womens100back,womens50back,womens50fly,womens50free"
"Pan, Ellen",UCONN,"womens100back,womens100free,womens50back"
"Boggess, Meredith",JMU,"womens100back,womens100im,womens50back,womens50free"
"Partridge, Emily",UTD,"womens100back,womens50back"
"Ishii, Yu",UCSD,"womens100back,womens50back,womens50fly,womens50free"
"Smarick, Maeve",UMD,"womens100back,womens100fly,womens200fly,womens50fly"
"Jones, Tessa",YALE,"womens100back,womens50back"
"Hammons, Ava",UKCS,"womens100back,womens200back,womens50back"
"Silva, Alana",SANTA,"womens100back,womens100fly,womens200back,womens200im"
"MacEachran, Pryor",UKSC,"womens100back,womens200back,womens50back"
"Lockard, Abby",SCUW,"womens100back,womens50back"
"Wittholz, Kate",TAMPA,"womens100back,womens100breast,womens50back,womens50breast"
"Hanson, Grace",UCFFL,"womens100back,womens200free"
"Laur, Catie",FLOR,"womens100back,womens100fly,womens50fly"
"Newcome, Ava",FSUC,"womens100back,womens200back,womens50back,womens50free"
"Harbert, Jill",CLT,"womens100back,womens100im,womens200back,womens50back"
"Plantamura, Natalie",GTSC,"womens100back,womens100im,womens200im,womens400IM"
"Hollis, Abby",NEAST,"womens100back,womens200back,womens200im,womens50back"
"Womack, Kristen",UVA,"womens100back,womens50back,womens50fly,womens50free"
"Parisi, Kate",BCST,"womens100back,womens100free,womens50back,womens50free"
"Harvey, Emily",UTES,"womens100back,womens100fly,womens50back,womens50fly"
"Hegar, Claire",TAMCS,"womens100back,womens50back"
"Bui, Angeline",UDSC,"womens100back,womens100im,womens50back,womens50fly"
"Matheson, Allyn",CAL,"womens100back,womens100free,womens50back,womens50free"
"Harhay, Jane",UCONN,"womens100back,womens100free,womens50back,womens50free"
"Hasson, Ava",MSUSC,"womens100back,womens50back"
"Schussler, Lily",SLUSC,"womens100back,womens100fly,womens400IM"
"Waldinger, Audrey",UMCS,"womens100back,womens200back"
"Sautebin, Alaina",SCUW,"womens100back,womens200im,womens50back"
"Mulvey, Rosemary",TULSC,"womens100back,womens50back"
"Rowe, Bria",GWCS,"womens100back,womens100im,womens50back,womens50free"
"Keenan, Elisabeth",UMD,"womens100back,womens200back"
"Ly, Grace",UCONN,"womens100back,womens50back,womens50breast"
"Haddad, Maria",W&M,"womens100back,womens50back"
"Johann, Rachel",UGAS,"womens100back,womens100fly,womens200fly,womens200im"
"Pitts, Emma",UNCCH,"womens100back,womens200back,womens200im"
"Rathner, Ava",TULSC,"womens100back,womens200back"
"Perkins, Lily",FLOR,"womens100back,womens100fly,womens100im,womens50fly"
"Steffe, Amelia",UOFO,"womens100back,womens50back"
"Lim, Catherine",UVA,womens100back
"Hauser, Genevieve",UNCW,"womens100back,womens100free,womens100im,womens200im"
"Komberec, Ava",SCUW,"womens100back,womens100fly,womens200back,womens50back"
"Brower, Livy",CU,"womens100back,womens100fly,womens50back"
"Tolliver, Jocelyn",UMICH,"womens100back,womens200free"
"Hultgren, Kyra",LUM,"womens100back,womens50back"
"Huyck, Claire",UBUF,"womens100back,womens50back"
"Bachman, Hayley",USU,"womens100back,womens100free,womens50back,womens50free"
"Djatej, Dariko",CPSC,"womens100back,womens100breast,womens100im,womens50breast"
"Mayol, Susana",TULSC,"womens100back,womens50back,womens50fly"
"Wu, Annie",UPENN,"womens100back,womens50back"
"Granger, Bermuda",VTECH,"womens100back,womens100fly,womens200fly,womens50back"
"Young, Ella",ISC,"womens100back,womens100fly,womens200im,womens50back"
"Hsieh, Lillian",WUSTL,"womens100back,womens100fly,womens50fly"
"Malach, Elaina",BGCS,"womens100back,womens200back,womens50back"
"Michela, Caylee",PURD,"womens100back,womens200back,womens200im,womens50back"
"Noland, Audrey",SEMO,"womens100back,womens100breast,womens200breast,womens50free"
"Reitano, Olivia",UCLAS,"womens100back,womens50back,womens50fly"
"Scheivert, Alison",PSU,"womens100back,womens50back"
"Auerbach, Jackie",CU,"womens100back,womens200back,womens50back"
"Rayburn, Molly",UTES,"womens100back,womens100free,womens200back"
"Nunez, Nicole",UMICH,"womens100back,womens50back"
"Spada, Alex",PURD,"womens100back,womens200free,womens200im,womens50back"
"Walsh, Kelly",VTECH,"womens100back,womens50back,womens50fly"
"Lin, Madison",CU,"womens100back,womens200back,womens50back,womens50fly"
"Rykowski, Emilia",USFB,"womens100back,womens100fly,womens100im,womens50fly"
"Colombo, Madison",MIZZ,"womens100back,womens50back,womens50fly"
"Gray, Phoebe",W&M,"womens100back,womens200back,womens50back"
"Lin, Samantha",CPSC,"womens100back,womens100free,womens200free,womens50back"
"Donat, McKayla",GWCS,"womens100back,womens50back,womens50free"
"Zhao, Bonnie",UMCS,"womens100back,womens100fly,womens100im,womens50fly"
"Doherty, Monica",UCONN,womens100back
"Pulaski, Sophia",UOFO,"womens100back,womens50fly"
"Dye, Amelia",PSU,"womens100back,womens100im,womens200back,womens50back"
"Prien, Lauren",CSU,"womens100back,womens50back,womens50breast,womens50free"
"DeVries, Abby",CSU,"womens100back,womens200im"
"Schuster, Ava",PSU,"womens100back,womens50back"
"Potter, Laurin",DUKE,"womens100back,womens200im,womens400IM"
"Clark, Emily",UCONN,"womens100back,womens100breast,womens50breast"
"Parish, Isabella",GCUC,"womens100breast,womens100im,womens200breast,womens50breast"
"Hunter, Maya",LYNX,"womens100breast,womens100fly,womens200fly,womens50fly"
"Keown, Erin",CSU,"womens100breast,womens100im,womens200breast,womens200im"
"Marim, Isabella",FSUC,"womens100breast,womens100im,womens200breast,womens50breast"
"Phillips, Georgia",FGCU,"womens100breast,womens200breast,womens50breast,womens50free"
"Fannin, Mattie",UGAS,"womens100breast,womens100im,womens400IM,womens50breast"
"Medina, Valeria",AZCS,"womens100breast,womens200breast"
"Czirjak, Evelyn",GMUSC,"womens100breast,womens200breast,womens50breast"
"Graves, Ciara",UVA,"womens100breast,womens100fly,womens100free,womens200im"
"Wong, Melissa",UCI,"womens100breast,womens100im,womens50breast"
"DeVillers, Samantha",SCUW,"womens100breast,womens200breast,womens50breast,womens50free"
"Harward, Madi",UTES,"womens100breast,womens200breast,womens200im,womens50breast"
"Catalasan, Mariann",FSUC,"womens100breast,womens200breast,womens50breast"
"Seppala, Sarah",NAUCS,"womens100breast,womens100im,womens200breast,womens50breast"
"Mefford, Audrey",WUSTL,"womens100breast,womens100im,womens50breast,womens50free"
"Miller, Rita",NCSU,"womens100breast,womens200breast,womens400IM,womens50breast"
"Geers, Josie",GVSU,"womens100breast,womens100im,womens50breast"
"Ndiaye, Jayla",VUSC,"womens100breast,womens100im,womens50breast,womens50free"
"Sullivan, Kaitlyn",PSU,"womens100breast,womens200breast,womens200im,womens50breast"
"Vroon, Katelyn",FLOR,"womens100breast,womens100free,womens200breast,womens50free"
"Machado, Madi",SCIU,"womens100breast,womens100im,womens50back,womens50breast"
"Huffman, Rosa",GTOWN,"womens100breast,womens100im,womens50breast"
"Montie, Sophia",CU,"womens100breast,womens400IM,womens50breast"
"Ruppe, Mackenzie",SANTA,"womens100breast,womens200breast,womens50breast"
"Weinberg, Brookelynn",UMD,"womens100breast,womens50breast"
"Horan, Georgia",CU,"womens100breast,womens200breast,womens50breast,womens50fly"
"Zhao, Annie",CWRU,"womens100breast,womens100free,womens100im,womens200im"
"Zhang, Brenda",CMUCS,"womens100breast,womens100im,womens50breast,womens50fly"
"Socha, Megan",UMICH,"womens100breast,womens100im,womens200breast,womens50breast"
"Cusumano, Emma",TAMPA,"womens100breast,womens100im,womens200im,womens50breast"
"Cattles, Anna",LYNX,"womens100breast,womens200breast,womens200im,womens50breast"
"Hamilton, Callie",JMU,"womens100breast,womens200breast,womens50breast"
"Cumming, Lydia",SANTA,"womens100breast,womens100im,womens200im,womens50breast"
"Ma, Jessica",CAL,"womens100breast,womens50breast"
"Burns, Katie",W&M,"womens100breast,womens100free,womens50breast"
"Gillespie, Blaire",TAMPA,"womens100breast,womens50breast,womens50fly"
"Pektor, Ava",AUCS,"womens100breast,womens100im,womens50breast"
"Atay, Kaylee",JMU,"womens100breast,womens100im,womens50breast"
"Matthew, Jude",ASU,"womens100breast,womens100im,womens200back,womens500free"
"Holden, Lanie",UNCCH,"womens100breast,womens50breast"
"Morton, Lindsay",VTECH,"womens100breast,womens100im,womens200breast,womens50breast"
"Van Deusen, Rosalie",PITT,"womens100breast,womens100im,womens50breast,womens50fly"
"Chatard, Elizabeth",UTC,"womens100breast,womens200breast,womens50breast"
"Asip, Lexi",SCGSU,"womens100breast,womens100im,womens50breast"
"Cervenak, Madison",JMU,"womens100breast,womens100im,womens200breast,womens50breast"
"Baker, Kylie",CSOSU,"womens100breast,womens50breast"
"Roberts, Stella",FSUC,"womens100breast,womens100free,womens50breast,womens50free"
"Bender, Ashleigh",CSU,"womens100breast,womens100fly,womens500free"
"Larson, Bryn",UALA,"womens100breast,womens100free,womens50breast,womens50free"
"Thomas, Ginger",SCAR,"womens100breast,womens100free,womens50breast"
"Cronan, Hailey",UMD,"womens100breast,womens100fly,womens100free,womens200breast"
"Simeone, Megan",GWCS,"womens100breast,womens100im,womens200breast,womens50breast"
"Wu, Claire",UCLAS,"womens100breast,womens200breast,womens50breast,womens50free"
"Studnicki, Michelle",TAMPA,"womens100breast,womens200im,womens50breast"
"Saunders, Alicia",VCU,"womens100breast,womens200breast,womens50breast"
"Paredes, Savanna",GCUC,"womens100breast,womens100im,womens200breast,womens50breast"
"Chu, Jessica",CPSC,"womens100breast,womens100fly,womens100im,womens50fly"
"Dotson, Kiyah",LYNX,"womens100breast,womens200breast,womens50breast"
"Pechatsko, Maryn",TAMPA,"womens100breast,womens50breast"
"Saidi, Layla",UVA,"womens100breast,womens100free,womens200breast,womens50breast"
"Smith, Lauren",JMU,"womens100breast,womens200breast,womens50breast"
"Hsu, Emily",CWRU,"womens100breast,womens100im,womens400IM,womens50back"
"Kim, Chloe",UCLAS,womens100breast
"McClendon, Annie",CU,"womens100breast,womens100im,womens200breast,womens50fly"
"Thalhuber, Addie",SCUW,"womens100breast,womens100im,womens50breast"
"Samuels, Charlotte",UVA,"womens100breast,womens100free,womens100im,womens200im"
"Ferneini, Isabella",ECS,"womens100breast,womens100im,womens50breast,womens50fly"
"Rickey, Mason",GTOWN,"womens100breast,womens100im,womens200breast,womens200im"
"Anderson, Mary Claire",NDSC,"womens100breast,womens100im,womens400IM,womens50breast"
"Shui, Lilly",USCA,"womens100breast,womens200breast,womens50breast"
"Reeder, Ellie",SCUW,"womens100breast,womens200breast,womens50breast"
"Edwards, Amy",TTUSC,"womens100breast,womens50breast,womens50free"
"Hadley, Maggie",PURD,"womens100breast,womens100im,womens50breast"
"Gross, Hannah",GCUC,"womens100breast,womens100im,womens200breast,womens50breast"
"Cheung, Asta",CAL,"womens100breast,womens100im,womens200breast,womens50breast"
"Avedisian, Michaela",FSUC,"womens100breast,womens100free,womens50breast,womens50free"
"Kao, Lucy",UWSC,"womens100breast,womens100im,womens50breast"
"Lorber, Suhzanne",FSUC,"womens100breast,womens100im,womens200breast,womens200im"
"Noel, Emily",UMD,"womens100breast,womens50breast"
"Larson, Emma",USU,"womens100breast,womens100free,womens200free,womens50free"
"Olson, Annika",BOISE,"womens100breast,womens200breast"
"Strout, Jennifer",UNCCH,"womens100breast,womens200breast,womens50breast"
"Claus, Isabel",GTOWN,"womens100breast,womens200im,womens50breast"
"Rosin, Ava",GCUC,"womens100breast,womens200breast,womens50breast"
"Ely, Birch",UVA,"womens100breast,womens200breast,womens50breast"
"Sabadin, Aniela",GCUC,"womens100breast,womens50breast"
"Khan, Isabel",CMUCS,"womens100breast,womens100fly,womens200breast,womens200im"
"Thomas, Codi",NAUCS,"womens100breast,womens50breast"
"Roth, Alison",AUB,"womens100breast,womens100im,womens200im,womens50breast"
"Dumstorff, Claire",MOFO,"womens100breast,womens200breast,womens50breast"
"Nunziata, Lucy",CLEM,"womens100breast,womens100free,womens200free,womens200im"
"Schmidt, Kara",OUSD,"womens100breast,womens100free,womens100im,womens200breast"
"Bunik, Alexandra",CAL,"womens100breast,womens200breast,womens50breast"
"Elvambuena, Ellaisa",GTSC,"womens100breast,womens100fly,womens200breast,womens200fly"
"Liu, Yu-Tong",SCU,"womens100breast,womens200breast,womens50breast"
"Levine, Emma",WUSTL,"womens100breast,womens100im,womens200breast,womens200im"
"Maldonado, Daisy",ASU,"womens100breast,womens100im"
"Kelly, Laura",CU,womens100breast
"Grand, Pumpkin",CMICH,"womens100breast,womens100fly,womens200fly,womens200im"
"Banner, Zoie",GCUC,"womens100breast,womens50breast"
"Harvey, Hannah",ASU,"womens100breast,womens200breast,womens50breast"
"Hewage, Sayuri",ASU,"womens100breast,womens200breast,womens200im,womens400IM"
"Brown, Tessa",UMSC,"womens100breast,womens50breast"
"Cragun, Macie",USU,"womens100breast,womens200breast,womens50breast"
"Gasperko, Ellie",ISC,"womens100breast,womens100free,womens200breast,womens50free"
"Dulski, Isabella",BROWN,"womens100breast,womens200breast,womens50breast"
"Donaldson, Amelia",MIZZ,womens100breast
"Hemmett, Marin",UMCS,"womens100breast,womens100im,womens200breast,womens200im"
"Macy, Annika",NUIL,"womens100breast,womens50breast"
"Kudalkar, Kavya",CSOSU,"womens100breast,womens100fly,womens50breast,womens50fly"
"Cavanagh, Isabella",MIZZ,"womens100breast,womens50breast"
"Cross, Katie",CLEM,"womens100breast,womens50breast"
"Lionberger, Emily",UVA,"womens100breast,womens100fly,womens200breast,womens200im"
"Jha, Bianca",CSOSU,"womens100breast,womens100im,womens200im,womens50back"
"Deale, Morgan",STANF,"womens100breast,womens100im,womens200im,womens400IM"
"Do, Clara",UMCS,"womens100breast,womens100free,womens100im,womens50free"
"Carstater, Annie",UVA,"womens100breast,womens200im,womens50breast"
"England, Alyssa",TCUSC,"womens100breast,womens50breast"
"Nelson, Pamela",UCLAS,womens100breast
"Filicette, Jordan",CSOSU,"womens100breast,womens200breast,womens50breast"
"Civatte, Marissa",SYR,"womens100breast,womens50breast"
"Smith, Molly",GVSU,"womens100breast,womens50breast"
"Anderson, Chloe",UVA,"womens100breast,womens200back,womens200im,womens400IM"
"Joslyn, Emma",WMU,"womens100breast,womens50breast"
"Ugorowski, Brooklyn",UMICH,"womens100breast,womens50breast"
"McGrath, Caroline",UDSC,womens100breast
"Ashley, Ella",FSUC,"womens100breast,womens200breast"
"Farooq, Maya",FLOR,"womens100breast,womens200im,womens50breast"
"He, Kelsie",WUSTL,"womens100breast,womens50breast"
"Carver, Kate",NUIL,"womens100breast,womens50breast"
"Nunley, Charley",UCLAS,"womens100breast,womens50breast"
"Spangler, Emma",VCS,"womens100breast,womens50breast"
"Badillo, Natalia",SCUW,"womens100breast,womens200breast,womens50back,womens50breast"
"Belsol, Gabriela",UVA,"womens100fly,womens100free,womens50fly,womens50free"
"Li, Adeline",FSUC,"womens100fly,womens100im,womens200im,womens50fly"
"Mumper, Katelyn",ISUSC,"womens100fly,womens100free,womens50fly"
"Kwan, Scarlet",CPSC,"womens100fly,womens200breast,womens200fly,womens200im"
"Flenard, Isabel",CU,"womens100fly,womens100im,womens200free,womens50fly"
"Freund, Gabrielle",GTSC,"womens100fly,womens100free,womens50fly,womens50free"
"Fisher, Isabel",CU,"womens100fly,womens100im,womens50fly,womens50free"
"Serino, Grace",UMD,"womens100fly,womens100free,womens200free,womens50free"
"Fields, Colby",VTECH,"womens100fly,womens100free,womens50fly,womens50free"
"Johnson, Jaiden",PSU,"womens100fly,womens50fly,womens50free"
"Su, Yanlei",GWCS,"womens100fly,womens100im,womens200fly,womens50fly"
"Lam, Summer",NEAST,"womens100fly,womens200free"
"Borkowski, Taylor",CU,"womens100fly,womens100free,womens200free,womens50free"
"Hoblet, Alexis",GCUC,"womens100fly,womens100free,womens200free,womens50free"
"Johnson, Evyn",UMICH,"womens100fly,womens100free,womens50fly,womens50free"
"Baker, Megan",SANTA,"womens100fly,womens100free,womens200fly,womens200free"
"Zhang, Emma",CAL,"womens100fly,womens100im,womens200breast,womens50fly"
"Austin, Whitney",AUB,"womens100fly,womens50fly"
"Bierman, Caroline",UGAS,"womens100fly,womens100im,womens50fly,womens50free"
"Tsynman, Katherine",UALA,"womens100fly,womens100free,womens100im,womens50free"
"Blake, Ella",STANF,"womens100fly,womens200free,womens500free"
"Lee, Morgan",FSUC,"womens100fly,womens100im,womens200im"
"Henry, Ryan",UCSD,"womens100fly,womens100im,womens50fly,womens50free"
"Khan, Sonia",UCSD,"womens100fly,womens100im,womens50fly,womens50free"
"Tininenko, Kylie",UMD,"womens100fly,womens100free,womens200free,womens50free"
"Kondratick, Morgan",UNCW,"womens100fly,womens100free,womens200free,womens50free"
"Lichtner, Kasey",CSOSU,"womens100fly,womens100im,womens200im,womens400IM"
"Martin, Lara",CU,"womens100fly,womens100im,womens200im,womens50fly"
"Hicks, Erin",GTSC,"womens100fly,womens100free,womens50fly,womens50free"
"McAfee, Claire",PURD,"womens100fly,womens50fly"
"Bushong, Shelby",ISC,"womens100fly,womens100im,womens200fly,womens50fly"
"Clements, Madison",UGAS,"womens100fly,womens100im,womens200fly,womens200im"
"Johnson, Isabella",UCI,"womens100fly,womens100im,womens50fly"
"Ripke, Rachel",SCUW,"womens100fly,womens50fly"
"Hildebrandt, Sophie",WUSTL,"womens100fly,womens100free,womens200fly,womens200free"
"Sun, Helen",CAL,"womens100fly,womens200fly,womens50fly"
"Smith, Caitlin",CU,"womens100fly,womens100free,womens50fly,womens50free"
"Bevivino, Gianna",UMD,"womens100fly,womens100im,womens200im,womens50fly"
"Bryant, Maeve",PITT,"womens100fly,womens200back,womens200im,womens50fly"
"Hand, Hope",TCUSC,"womens100fly,womens50back,womens50fly,womens50free"
"Marshall, Melia",UCONN,"womens100fly,womens100im,womens50fly,womens50free"
"Sterchele, Ashley",UCFFL,"womens100fly,womens100free,womens200fly,womens200free"
"Rodriguez, Nicole",NEAST,"womens100fly,womens100im,womens200im,womens400IM"
"Walker, Lorelai",TAMCS,"womens100fly,womens200fly,womens200free,womens500free"
"Gruenler, Genevieve",UMICH,"womens100fly,womens200free,womens50fly"
"Woolley, Jamie",JMU,"womens100fly,womens100free,womens50fly,womens50free"
"Tjandra, Sammy",CLT,"womens100fly,womens100im,womens200im,womens50fly"
"Healy, Sierra",DUKE,"womens100fly,womens200breast,womens200im,womens50fly"
"Lyons, Sadie",UMCS,"womens100fly,womens100free,womens200free,womens50fly"
"Carbone, Gianna",USFB,"womens100fly,womens100free,womens50fly"
"Spaulding, Alice",GTSC,"womens100fly,womens100im,womens200im,womens400IM"
"Witthoff, Mia",GTSC,"womens100fly,womens200fly,womens50fly"
"Quinn, Riley",UKCS,"womens100fly,womens200breast,womens200im,womens400IM"
"Tierney, Campbell",PSU,"womens100fly,womens200free,womens500free,womens50free"
"Tay, Maddie",UMICH,"womens100fly,womens100free,womens50fly"
"Reece, Annabelle",BGCS,"womens100fly,womens100free"
"Padron, Elena",NAUCS,"womens100fly,womens50fly"
"Vaara, Kendall",UALA,"womens100fly,womens50fly"
"Griffith, Kailin",TAMPA,"womens100fly,womens100im,womens200free"
"Dobrydney, Jackie",VCS,"womens100fly,womens50back,womens50fly,womens50free"
"Knauer, Ellie",UMD,"womens100fly,womens100free,womens200im,womens50fly"
"Murray, Meghan",PITT,"womens100fly,womens500free,womens50fly,womens50free"
"Turk, Caitlin",DEN,"womens100fly,womens50fly"
"DePry, Amber",SCUCD,"womens100fly,womens100free,womens200free,womens50fly"
"Dunnigan, Caitlyn",UNCCH,"womens100fly,womens100free,womens200free,womens50fly"
"Burlina, Emma",GTSC,"womens100fly,womens200fly,womens50fly,womens50free"
"Fagan, Caitlin",UPENN,"womens100fly,womens50fly"
"Steel, Isabelle",SANTA,"womens100fly,womens200fly"
"Joshi, Cecilia",DUKE,"womens100fly,womens100free,womens200free"
"Smith, Julianna",UCCS,"womens100fly,womens100free,womens50fly,womens50free"
"Beckerman, Eden",MSUSC,womens100fly
"Burns, Carly",JMU,"womens100fly,womens100free,womens200free,womens50fly"
"Meretta, Tessa",UGAS,"womens100fly,womens50fly"
"Worley, Sophia",OSU,womens100fly
"Strudgeon, Morgan",W&M,"womens100fly,womens200fly,womens400IM"
"Walser, Julia",FGCU,"womens100fly,womens50fly"
"Hawkins, Taylor",FLOR,"womens100fly,womens100free,womens200free,womens200im"
"Hastings, Olivia",CSOSU,"womens100fly,womens100im,womens200im"
"Oshan, Priya",SCUW,"womens100fly,womens50fly,womens50free"
"Granley, Lillian",CU,"womens100fly,womens200fly,womens200im,womens400IM"
"Baumgardner, Lily",SCIU,"womens100fly,womens100im,womens200im,womens400IM"
"Giese, Meredith",SCUW,"womens100fly,womens100free,womens50fly,womens50free"
"Fogle, Sophi",CSU,"womens100fly,womens100free,womens200im,womens400IM"
"Lin, Audi",CMUCS,"womens100fly,womens50fly"
"Bole, Krisha",PITT,"womens100fly,womens50fly"
"Pogorzelski, Megan",UVA,"womens100fly,womens200fly,womens200free,womens500free"
"Guthrie, Sydney",WUSTL,"womens100fly,womens100im,womens200im,womens400IM"
"Secker, Callista",SCUW,womens100fly
"Dorsey, Molly",SLUSC,"womens100fly,womens100im,womens200im,womens400IM"
"Aghjayan, Hannah",UNCCH,"womens100fly,womens100free,womens50fly,womens50free"
"Curran, Sofie",OSU,"womens100fly,womens200breast,womens200im,womens400IM"
"Szylkowski, Olivia",UCFFL,"womens100fly,womens50fly"
"Kim, Hannah",UPENN,"womens100fly,womens200im"
"Tan, Rebecca Xuanwen",CAL,"womens100fly,womens200fly,womens50fly"
"Markle, Krista",NAUCS,"womens100fly,womens100free,womens50fly,womens50free"
"Dasgupta, Mallika",UCSD,womens100fly
"Crowson, Cameran",CU,"womens100fly,womens200fly,womens200free,womens200im"
"Thompson, Keira",NUIL,womens100fly
"Douglas, Nicole",CPSC,"womens100fly,womens200fly"
"Allibone, Jessica",GTSC,"womens100fly,womens200im,womens400IM,womens50fly"
"Neumann, Emma",SCUW,"womens100fly,womens200im,womens50fly"
"Patricca, Patti",USFB,"womens100fly,womens100im,womens200im,womens50fly"
"Carlton, Delaney",GTSC,"womens100free,womens100im,womens50fly,womens50free"
"Will, Isabel",VTECH,"womens100free,womens100im,womens200free,womens50free"
"Creager, Emma",GCUC,"womens100free,womens200free,womens50back,womens50free"
"Munger, Audrey",GTSC,"womens100free,womens200back,womens200free,womens500free"
"Ochoa, Iris",GTSC,"womens100free,womens200free,womens50back,womens50free"
"Kaur, Jasnoor",SCUW,"womens100free,womens50fly,womens50free"
"Kim, Catherine",UNCCH,"womens100free,womens100im,womens200free,womens200im"
"Kofman, Tahlia",FSUC,"womens100free,womens200back,womens200free,womens500free"
"Luisetti, Clara",CPSC,"womens100free,womens100im,womens200free,womens50free"
"Sheridan, Olivia",TAMPA,"womens100free,womens100im,womens50fly,womens50free"
"Blitz, Grace",CU,"womens100free,womens200free,womens50breast,womens50free"
"Redlich, Ruby",PRINC,"womens100free,womens50fly,womens50free"
"Sheng, Anna",UVA,"womens100free,womens100im,womens200free,womens200im"
"Masterson, Campbell",SCAR,"womens100free,womens200free,womens50fly,womens50free"
"Buchanan, Anita",WUSTL,"womens100free,womens200free,womens50back,womens50free"
"Kill, Elizabeth",BGCS,"womens100free,womens200free,womens50free"
"Ceren, Rachel",SCUW,"womens100free,womens100im,womens50fly,womens50free"
"Shade, Caroline",TAMCS,"womens100free,womens100im,womens50fly,womens50free"
"Kleier, Sara",UKCS,"womens100free,womens200free,womens50free"
"Oiler, Ashley",UMD,"womens100free,womens50fly,womens50free"
"Oconnor, Leigha",CSU,"womens100free,womens50back,womens50fly,womens50free"
"Cogle, Morgan",PURD,"womens100free,womens200back,womens200free,womens50free"
"Mitchell, Caley",NDSC,"womens100free,womens200free,womens500free,womens50free"
"Berge, Isabel",UNCCH,"womens100free,womens100im,womens50back,womens50free"
"Shulman, Roni",USFB,"womens100free,womens50free"
"Aman, Sarah",JMU,"womens100free,womens50back,womens50fly,womens50free"
"Weiss, Ella",AUCS,"womens100free,womens200free,womens200im"
"Bergevin, Emily",GCUC,"womens100free,womens50back,womens50fly,womens50free"
"Knepper, Leena",VUSC,"womens100free,womens100im,womens200free"
"McCarron, Ella",CPSC,"womens100free,womens50back,womens50fly,womens50free"
"Bewley, Bekah",JMU,"womens100free,womens50free"
"Chmigelski, Veronica",UMCS,"womens100free,womens50free"
"de Don, Taylor",UNFCS,"womens100free,womens200free,womens500free,womens50free"
"Devine, Lainey",TCUSC,"womens100free,womens200free,womens50free"
"Tomek, Paige",CPSC,"womens100free,womens100im,womens200im,womens50free"
"Bissett, Sage",PSU,"womens100free,womens50back,womens50free"
"Powers, Alexis",ECU,"womens100free,womens50free"
"Thurlow, Molly",CPSC,"womens100free,womens50fly,womens50free"
"Chan, Megan",GWCS,"womens100free,womens100im,womens200im,womens50back"
"Dobie, Lauren",VTECH,"womens100free,womens200fly,womens50fly"
"Gomez, Laura",CAL,"womens100free,womens200free,womens50free"
"O'Grady, Mae",LSCUT,"womens100free,womens200free,womens500free"
"Zhang, Emily",SLUSC,"womens100free,womens50free"
"Greenwood, Kaiylin",PSU,"womens100free,womens200free,womens50free"
"Liew, Xiao Rou",USCA,"womens100free,womens100im,womens50fly,womens50free"
"Sitas, Konstantina",CCU,"womens100free,womens50free"
"Small, Skylar",SCIU,"womens100free,womens200im"
"Cole, Madeleine",W&M,"womens100free,womens50back,womens50fly,womens50free"
"Jackson, Grace",BOISE,"womens100free,womens200free,womens50free"
"Kandel, Hannah",CAL,"womens100free,womens50fly,womens50free"
"Doxiadi, Chrysanthi",BROWN,"womens100free,womens200free"
"Warren, Brinley",UTES,"womens100free,womens100im,womens50fly,womens50free"
"Sterling, Sydney",CAL,"womens100free,womens50free"
"Stegner, Maya",SCUW,womens100free
"Brown, McKenna",PITT,"womens100free,womens100im,womens200free"
"Kelly, Jemma",FSUC,"womens100free,womens50back,womens50fly,womens50free"
"Jandura, Carolyn",UCONN,"womens100free,womens50back,womens50fly,womens50free"
"Miller, Julia",BOISE,"womens100free,womens200free,womens50free"
"Blas, Maia",SCUW,"womens100free,womens100im,womens200free,womens50free"
"Larsen, Emily",W&M,"womens100free,womens50free"
"Major, Carson",NCSU,"womens100free,womens50fly,womens50free"
"Heil, Emily",CLEM,"womens100free,womens50free"
"Joshi, Rose",ISC,"womens100free,womens200free,womens50free"
"Fenton, Bella",FLOR,"womens100free,womens50fly,womens50free"
"Holland, Arwen",AUB,"womens100free,womens100im"
"To, Abigail",ISUSC,"womens100free,womens200free,womens500free"
"Campbell, Maeve",UMD,"womens100free,womens200free,womens50fly,womens50free"
"Donald, Morgan",CLT,"womens100free,womens50fly,womens50free"
"Wu, Katherine",UCSD,"womens100free,womens50breast,womens50free"
"Loving, Kate",MIZZ,"womens100free,womens200free,womens400IM"
"Semmen, Cambria",UCFFL,"womens100free,womens50free"
"Franus, Beatrix",CAL,"womens100free,womens100im,womens50free"
"Quaid, Colleen",UOFO,"womens100free,womens50back,womens50fly,womens50free"
"O'Donnell, Charlize",GCUC,"womens100free,womens200free,womens50free"
"Wong, Tara",GTSC,"womens100free,womens200breast,womens200free,womens50free"
"Carvajal, Marissa",PURD,"womens100free,womens200fly,womens200free,womens200im"
"Storm, Lana",GCUC,"womens100free,womens200free,womens50free"
"Ewing, Hannah",NUIL,"womens100free,womens200free,womens200im,womens500free"
"Mathewson, Cora",CSOSU,"womens100free,womens50fly,womens50free"
"Zhou, Melissa Hanlin",CAL,"womens100free,womens200fly,womens200free,womens50fly"
"Kuivila, Cai",GWCS,"womens100free,womens50free"
"Carlton, Makenna",SCGSU,"womens100free,womens200free,womens50breast"
"Kohs, Madeline",FSUC,"womens100free,womens50back,womens50fly,womens50free"
"Schaffer, Caroline",NDSC,"womens100free,womens200free"
"Baxter, Lily",UNCW,"womens100free,womens100im,womens50breast,womens50free"
"Ahrens, Elise",GCUC,"womens100free,womens200free,womens50free"
"Feichtner, Jane",UCCS,"womens100free,womens200free,womens200im"
"Winata, Eugenia",UCSD,"womens100free,womens50free"
"Mouazzen, Deema",MSUSC,"womens100free,womens200free"
"Hu, Angelica",UPENN,womens100free
"Iniguez, Annalise",UVA,"womens100free,womens200fly,womens200free,womens400IM"
"Lane, Amanda",SCIU,"womens100free,womens50back,womens50free"
"Feldman, Leah",CAL,"womens100free,womens200free,womens50free"
"Vicory, Amelia",PURD,"womens100free,womens200back,womens200free"
"Choi, Chloe",CAL,"womens100free,womens50free"
"Edelman, Catherine",UVA,"womens100free,womens200free"
"Ott, Madeleine",GTOWN,"womens100free,womens200free"
"Butlin, Abby",WUSTL,"womens100free,womens50free"
"Lowrie, Ella",TULSC,"womens100free,womens200free,womens50breast,womens50free"
"Hooper, Jaidyn",TCUSC,"womens100free,womens200free,womens50fly,womens50free"
"Tindall, Camille",TTUSC,"womens100free,womens200im"
"Mansfield, Meghan",ISC,"womens100free,womens200im,womens50breast"
"Lane, Megan",VTECH,"womens100free,womens100im,womens200free,womens50fly"
"Sims, Madeline",CMU,"womens100free,womens200free,womens400IM"
"Seitz, Lucy",NCSU,"womens100free,womens50back,womens50free"
"Haas, Abigail",UKCS,"womens100free,womens200free"
"Bailey, Bellamy",AZCS,womens100im
"Rummelhoff, Morgan",UCSD,"womens100im,womens200im,womens50breast,womens50free"
"Bacon, Jeila",UTES,"womens100im,womens50breast,womens50fly,womens50free"
"Luo, Michelle",UMICH,"womens100im,womens400IM,womens50fly,womens50free"
"Hoshina, Rin",UCI,"womens100im,womens50back,womens50fly,womens50free"
"Chen, Jaime",PRINC,"womens100im,womens50breast,womens50fly"
"Wojenski, Amanda",UMCS,"womens100im,womens200im,womens50breast,womens50fly"
"Tamblyn, Sophia",GCUC,"womens100im,womens50back,womens50fly,womens50free"
"Adams, Lauren",CLEM,"womens100im,womens200free,womens50breast,womens50free"
"Griffith, Abbie",MOFO,"womens100im,womens50back,womens50fly"
"Xian, Michelle",BROWN,"womens100im,womens200im,womens50breast,womens50fly"
"Anderson, Asya",PRINC,"womens100im,womens200free"
"Ross, Marissa",UVA,"womens100im,womens50fly,womens50free"
"Lee, Lauren",NUIL,"womens100im,womens50breast,womens50fly,womens50free"
"Corcuera, Carolina",SBU,"womens100im,womens200im,womens50back"
"Moonsammy, Vanessa",TAMCS,"womens100im,womens50breast,womens50fly"
"Mohart, Ava",MIZZ,"womens100im,womens50back,womens50fly,womens50free"
"Landsberg, Julia",ASU,womens100im
"Demm, Maddie",NUIL,womens100im
"Guglielmo, Ava",DUKE,"womens100im,womens200back,womens200im,womens50back"
"Stechschulte, Isabella",BGCS,"womens100im,womens200free,womens200im,womens400IM"
"Horst, Genae",SYR,"womens100im,womens50back,womens50fly,womens50free"
"Moore, Michaela",TULSC,"womens100im,womens50fly"
"Creeks, Sofia",GMUSC,"womens100im,womens200im,womens50breast"
"Oslowski, Jordan",AZCS,"womens100im,womens50back,womens50fly"
"Wythes, Alexandra",PRINC,"womens100im,womens200free,womens200im"
"Conroy, Sally",SCUW,"womens100im,womens200im,womens50back"
"Pratt, Caroline",UVA,"womens100im,womens200im,womens50back"
"Bierley, Emma",SCUW,"womens100im,womens50back,womens50fly,womens50free"
"Shelton, Ashlyn",SANTA,"womens100im,womens200back,womens200free,womens50breast"
"Wang, Mingqi",GTSC,"womens200back,womens200im,womens400IM,womens50back"
"Lawrence, Ella",UNL,"womens200back,womens50back"
"Meller, Paige",MSUSC,"womens200back,womens200free"
"Yin, Renee",NEAST,womens200back
"Lai, Gabrielle",UCLAS,"womens200back,womens200im"
"Ali, Iman",UPENN,"womens200back,womens200im"
"Mezera, Jaiden",SCUW,"womens200breast,womens200im"
"Kelleher, Hannah",UCS,"womens200breast,womens400IM"
"Ugorowski, Gemma",UMICH,"womens200breast,womens50breast"
"Bridges, Brooke",TTUSC,"womens200breast,womens50breast"
"Yie, Emiley",GTSC,"womens200breast,womens200free,womens200im,womens400IM"
"Perry, Jillian",UTES,"womens200breast,womens200im,womens400IM"
"Avila Escobar, Camila",NSUSC,"womens200breast,womens200im,womens400IM"
"Hart, Kelly",PSU,"womens200breast,womens200free,womens200im,womens50breast"
"Baca, Emma",CU,"womens200fly,womens200im,womens400IM,womens500free"
"Mingolla, Lindsay",PRINC,"womens200fly,womens200im"
"Caress, Lula",TULSC,"womens200fly,womens400IM"
"Caudle, Riley",UNCCH,womens200fly
"Weisenberg, Alyssa",UMD,womens200fly
"Suh, Jione",MIZZ,"womens200free,womens200im,womens50free"
"Nagel, Erin",UCLAS,"womens200free,womens200im,womens400IM,womens500free"
"Cusick, Samantha",CPSC,"womens200free,womens200im"
"Pedersen, Sophia",ASU,"womens200free,womens200im"
"Queenan, Eleanor (Ella)",SCUW,womens200free
"Moran, Natalie",ISUSC,womens200free
"Tullo, Paige",UCONN,"womens200free,womens500free,womens50back"
"Richman, Emma",NUIL,"womens200free,womens200im"
"Johnson, Molly",UTES,womens200free
"Katzman, Kayla",MSUSC,womens200free
"Franklin, Magen",LUCSC,womens200free
"Wipke, Sarah",UMCS,womens200free
"Skube, Addison",SCIU,womens200free
"Radell, Lauren",UCONN,womens200free
"Philip, Madeline",MSUSC,"womens200free,womens200im"
"DeOrsey, Madison",UCFFL,womens200free
"Dalziel, Delaney",UMICH,womens200free
"Haff, Sophie",CCU,womens200free
"Polk, Shayne",BCST,womens200free
"Gongas, Alexandra",FSUC,womens200free
"Kaldahl, Natalie",UVA,"womens200free,womens200im"
"Siegel, Zoe",BROWN,"womens200free,womens50fly"
"Heritage, Greer",AUB,womens200free
"Bakker, Anna",PSU,womens200free
"Klaas, Adriana",WUSTL,womens200free
"Reese, Mary Lauren",CCU,womens200free
"Nadeau, Andie",UCONN,womens200free
"Majewski, Nicole",UCFFL,"womens200free,womens50fly,womens50free"
"Cutting, Madeline",AUCS,womens200free
"Buswell, Piper",W&M,"womens200free,womens50free"
"Womer, Kailyn",WUSTL,womens200free
"Bohler, Gretchen",UNC,womens200free
"Johnson, Emma",WSU,womens200free
"Ostrowski, Ela",BGCS,womens200free
"Bosler, Riley",PSU,womens200free
"Hoover, Davia",WVAU,"womens200im,womens50back,womens50breast,womens50free"
"Murray, Paige",MSUSC,womens200im
"Suinn, Dusita",UNL,"womens200im,womens50fly"
"Albert, Katie",AUB,"womens200im,womens50breast"
"Woods, Eva",MSUSC,womens200im
"Kaplan, Sophie",UVA,"womens200im,womens400IM"
"Hogan, Bridget",UMD,"womens200im,womens50breast"
"Chen, Kaitlyn",UCSD,"womens200im,womens50free"
"Mesihovic, Sara",UGAS,"womens200im,womens400IM"
"Seeling, Luca",SLUSC,"womens200im,womens400IM"
"Selden, Abigail",NDSC,"womens200im,womens50fly"
"Glor, Paige",MOFO,"womens200im,womens400IM"
"Stiles, Mansi",CU,"womens200im,womens400IM"
"Albrecht, Samantha",CAL,"womens200im,womens400IM"
"Jacobo, Mana",UNL,womens200im
"Crow, Caroline",UPENN,womens200im
"Angelo, Lanie",ASU,womens400IM
"Heydt, Anna",CMU,womens400IM
"Peterson, Maya",GMUSC,womens400IM
"Jackson, Jessica",AZCS,womens400IM
"Walker, Meagan",CMU,womens400IM
"Michals, Samantha",ASU,womens400IM
"VanderBroek, Allie",UNCCH,womens400IM
"Verrelli, Lauren",PSU,womens400IM
"Landis, Kaitlyn",OSU,womens400IM
"Naser, Jade",WMU,womens400IM
"Walsh, Eowyn",CU,womens400IM
"Smith, Emma",JMU,womens400IM
"Hoff, Evie",ASU,womens400IM
"Sherman, Kathryn",NDSC,womens400IM
"Espinel, Lani",WUSTL,womens400IM
"Sadowski, Ada",NEAST,womens400IM
"Good, Chelsea",PSU,"womens50back,womens50fly,womens50free"
"Dolson, Emma",UGAS,"womens50back,womens50breast,womens50fly,womens50free"
"Krzyzaniak, Alexis",UGAS,"womens50back,womens50fly,womens50free"
"Wetmore, Jordi",MARQ,womens50back
"Das, Cameron",CSOSU,womens50back
"Mathis, Amber",AUB,womens50back
"Radcliffe, Lauren",VCU,womens50back
"Nguyen, Kha-An",UVA,"womens50back,womens50fly"
"Hazard, Reilly",UCONN,womens50back
"Cusack, Caroline",PSU,womens50back
"Castro, Cali",TAMCS,womens50back
"Helmke, Eva",UCONN,"womens50back,womens50fly"
"Molinero, Lydia",JMU,womens50back
"Erlbacher, Leah",UNL,"womens50back,womens50free"
"Shope, Olivia",KSSC,"womens50back,womens50free"
"Perks, Celia",UMCS,womens50back
"Barrett, Sophia",VTECH,"womens50back,womens50breast,womens50fly,womens50free"
"Nguyen, Thuytien",NEAST,womens50back
"Chmiel, Zofia",DUKE,womens50back
"Hou, Jennifer",ISC,womens50back
"Patterson, Rachel",GVSU,womens50back
"Izzo, Mary",NDSC,womens50back
"Pollack, Maylin",SCU,womens50back
"Garlove, Emory",WFU,womens50back
"Bork, Samantha",CLEM,womens50back
"Carver, Chloe",AUB,womens50back
"Alaish, Gabriella",UMICH,womens50back
"Gioia, Isabella",UMSC,womens50back
"Nguyen, Erika",UCLAS,womens50back
"Laureys, Kamryn",PSU,womens50back
"Shields, Johnee",CMU,womens50back
"Graves, Anna",KSSC,womens50back
"Sivak, Caitlyn",JMU,womens50breast
"Zuech, Cara",PSU,womens50breast
"Rhodunda, Abby",UDSC,womens50breast
"Burry, Carly",MSUSC,womens50breast
"Marks, Sophia",VCS,womens50breast
"Taylor, Ella",UNC,"womens50breast,womens50fly,womens50free"
"Capizzi, Mia",AZCS,womens50breast
"Crowell, Theresa",MCS,womens50breast
"Schneider, Chayse",LYNX,womens50breast
"Weeden, Victoria",GVSU,"womens50breast,womens50free"
"Carney, KC",VTECH,womens50breast
"Jaroch, Lauren",SRUS,womens50breast
"Huang-Gao, Jean",CWRU,womens50breast
"Cox, Colby",W&M,womens50breast
"Mokaya, Julianna",PRINC,womens50breast
"Stewart, Caroline",AUB,womens50breast
"Zimmer, Julia",UKCS,"womens50breast,womens50free"
"Tardia, Kiana",SCUW,womens50breast
"Schmitz, Lily",SCUW,"womens50breast,womens50fly,womens50free"
"Zhu, Amanda",UCSD,womens50breast
"Faust, Amelia",GTSC,womens50breast
"Alford, Lexi",SANTA,womens50breast
"Lu, Anna",UCONN,womens50breast
"Allison, Emma",JMU,womens50breast
"Chute, Vivian",BROWN,womens50breast
"Lenington, Grace",SCU,womens50breast
"Goble, Ava",BGCS,womens50breast
"Gray, Eden",UMICH,womens50breast
"Turku, Adea",UMCS,"womens50breast,womens50fly"
"King, Amanda",AUB,"womens50fly,womens50free"
"Raath, Ella",UCONN,"womens50fly,womens50free"
"O'Leary, Kate",DEN,womens50fly
"Baker, Regan",AUB,"womens50fly,womens50free"
"Mozeleski, Leah",VCU,"womens50fly,womens50free"
"Sullivan, Annabel",W&M,"womens50fly,womens50free"
"Wank, Kallen",SCUW,"womens50fly,womens50free"
"Cahill, Cora",WFU,womens50fly
"Chapman, Morgan",VTECH,"womens50fly,womens50free"
"Everling, Corinne",CCU,"womens50fly,womens50free"
"Welch, Kathleen",CMU,womens50fly
"Vigil, Kaitlyn",CU,womens50fly
"Bare, Christine",W&M,womens50fly
"Ricciuti, Nina",DUQCS,womens50fly
"Zheng, Julia",DUKE,"womens50fly,womens50free"
"Shaw, Morgan",UGAS,"womens50fly,womens50free"
"Nelson, Jenna",NSUSC,womens50fly
"Swain, Cassidy",SRUS,womens50fly
"Checoury, Naomi",STANF,womens50fly
"Choukri, Nora",FLOR,womens50fly
"Priebe, Allyson",UNCW,womens50fly
"Turner, Jillian",UTD,womens50free
"Corrado, Sola",DUKE,womens50free
"Miklos, Kyra",CSOSU,womens50free
"Ramberg, Lillian",CPSC,womens50free
"Han, Marie",GMUSC,womens50free
"Fernandez, Natasha",ASU,womens50free
"Lingg, Rosalynd",PURD,womens50free
"Gaspardone, Amy",UCLAS,womens50free
"Garcia, Julia",SCU,womens50free
"Petz, Lily",UOFO,womens50free
"Beno, Charlotte",CSOSU,womens50free
"Ngo, Hannah",MSUSC,womens50free
"Cannon, Sheena",BOISE,womens50free
"Johnson, Madison",SCIU,womens50free
